index,ames,smiles
ext_2,1,C1O[C@@H]1[C@H]1CO1
ext_4,0,CCCCC(CC)COC(=O)c1ccccc1C(=O)OCC(CC)CCCC
ext_5,1,Nc1ccc2cc3ccccc3cc2c1
ext_6,1,CC(=O)Nc1ccc2-c3c(Cc2c1)cccc3
ext_8,1,c1ccc2cc3ccccc3cc2c1
ext_10,0,COc1cc(CNC(=O)CCCC/C=C/C(C)C)ccc1O
ext_11,0,[O-]C(=O)CN(CC(=O)[O-])CC(=O)[O-]
ext_15,1,Cc1ccc(N)cc1N
ext_16,1,O=NN1CCCC1
ext_17,0,CC(=O)Oc1ccccc1C(=O)O
ext_19,1,ClC(Cl)(Cl)SN1C(=O)C2CC=CCC2C1=O
ext_23,1,ClCC1CO1
ext_24,0,C=Cc1ccccc1
ext_26,0,CC(CN1c2ccccc2Sc2ccccc12)N(C)C
ext_28,1,Cc1c2ccccc2c(C)c2c3ccccc3ccc12
ext_31,0,COc1ccc2nccc([C@H](O)[C@H]3C[C@@H]4CCN3C[C@@H]4C=C)c2c1
ext_32,1,CCC1CO1
ext_33,0,Cc1ccc(N)cc1
ext_34,0,CC(O)CN
ext_37,0,[S-]C(=S)NCCNC(=S)[S-]
ext_38,1,OCC1CO1
ext_41,1,OC1OC(=O)C(=C1C(Cl)Cl)Cl
ext_42,1,CCOS(=O)(=O)C
ext_43,0,CCOc1ccc(NC(=O)C)cc1
ext_44,0,ClC1=C(Cl)C2(Cl)C3COS(=O)OCC3C1(Cl)C2(Cl)Cl
ext_49,1,CC(O)CN(CC(C)O)N=O
ext_52,0,CC(=C)CCl
ext_55,0,CCCCC(CC)CO
ext_56,1,CCCCC(CC)COC(=O)c1ccc(N(C)C)c(c1)[N+](=O)[O-]
ext_57,0,OC1N=C(c2ccccc2)c2cc(Cl)ccc2NC1=O
ext_58,1,O=NN1CCCC1c1cccnc1
ext_60,0,CC1(C)[C@@H](C=C(Cl)Cl)[C@H]1C(=O)OCc1cccc(Oc2ccccc2)c1
ext_61,1,CC(O)CN(C)N=O
ext_62,0,CCC(CO)[N+](=O)[O-]
ext_63,1,CC(=CC1C(C(=O)OC2CC(=O)C(=C2C)CC=C)C1(C)C)C
ext_65,1,CC(O)CN(CC(=O)C)N=O
ext_66,0,CCCCC(CC)C(=O)O
ext_67,0,[O-]S(=O)(=O)c1ccc(N/N=C\2/C(=O)C=Cc3cc(ccc23)S(=O)(=O)[O-])cc1
ext_68,0,Nc1ccc(Cl)c(Cl)c1
ext_69,1,CC(CN(CC(C)OC(=O)C)N=O)OC(=O)C
ext_70,1,Nc1c2ccccc2nc2ccccc12
ext_72,0,CCCCC(CC)COC(=O)c1ccccc1C(=O)O
ext_73,0,OC(=O)c1cc2ccccc2cc1O
ext_75,0,CCCCC/C=C\C/C=C\CCCCCCCC(=O)O
ext_76,0,CNC(=O)Oc1ccc2[NH+](C)[C@H]3[NH+](C)CC[C@@]3(C)c2c1
ext_77,0,Oc1cc(O)c2c(=O)cc(oc2c1)c1ccc(O)c(O)c1
ext_78,1,COc1cc(NC(C)CCCN)c2ncccc2c1
ext_81,0,O=C=Nc1ccc(Cc2ccc(cc2)N=C=O)cc1
ext_83,0,C[Si](C)(C)Cl
ext_84,0,c1cc(c(cc1c1cc(c(cc1)N=Nc1c(c2c(cc(cc2cc1S(=O)(=O)[O-])S(=O)(=O)[O-])N)O)O)O)N=Nc1c(c2c(cc(cc2cc1S(=O)(=O)[O-])S(=O)(=O)[O-])N)O
ext_86,1,NC(CS)C(=O)O
ext_88,0,CCCCCCCCCCCCCCCCC1CO1
ext_90,1,COc1cccc2C(=O)c3c(O)c4C[C@](O)(C[C@H](O[C@H]5C[C@H](N)[C@H](O)[C@H](C)O5)c4c(O)c3C(=O)c12)C(=O)CO
ext_93,0,CC(=CC1C(C(=O)OCc2coc(Cc3ccccc3)c2)C1(C)C)C
ext_95,0,CN1C[C@@H](C=C2[C@H]1Cc1c[nH]c3cccc2c13)C(=O)N[C@]1(C)O[C@@]2(O)[C@@H]3CCCN3C(=O)[C@H](Cc3ccccc3)N2C1=O
ext_96,1,CC(=O)CC(=O)C
ext_97,0,NC(CCC(=O)O)C(=O)[O-]
ext_101,0,CC(=O)N[C@H]1[C@H](O)O[C@H](CO)[C@@H](O)[C@@H]1O[C@@H]1O[C@@H]([C@@H](O[C@@H]2O[C@H](CO)[C@@H](O)[C@H](O[C@@H]3O[C@@H]([C@@H](O)[C@H](O)[C@H]3O)C(=O)O)[C@H]2NC(=O)C)[C@H](O)[C@H]1O)C(=O)O
ext_102,1,CCOCCCl
ext_105,0,O=C=NCCCCCCN=C=O
ext_106,0,CCCCC(CC)COC(=O)CCCCC(=O)OCC(CC)CCCC
ext_107,0,OCC(O)C1OC(=C(O)C1=O)O
ext_108,0,C=CC1CCC=CC1
ext_109,0,CC(O)c1ccccc1
ext_112,1,Oc1ccc(O)c2C(=O)c3ccccc3C(=O)c12
ext_118,0,OC(=O)C1=NN(C(=O)C1N=Nc1ccc(cc1)S(=O)(=O)[O-])c1ccc(cc1)S(=O)(=O)O
ext_119,0,CC(CC(=O)O)C(=O)O
ext_120,1,c1cc2ccc3cccc4ccc(c1)c2c34
ext_122,0,CCCCC(CC)COCC1CO1
ext_123,1,CC/C=C/C=C/C=C/C=C/C=C/OC[C@@H](O)CO
ext_124,0,CCC(C)Nc1ccc(NC(C)CC)cc1
ext_127,0,c1cc[n+](c(c1)[S-])[O-]
ext_129,1,O[C@H]1C=Cc2cc3ccc4cccc5ccc(c2[C@@H]1O)c3c45
ext_130,0,COC(=O)C(C1CCCCN1)c1ccccc1
ext_131,0,CN1CCC(C1)CN1c2ccccc2Sc2ccccc12
ext_132,0,CC(=C)CC(C)(C)C
ext_134,1,COc1cc(ccc1N/N=C\1/C(=O)c2c(N)cc(cc2C=C1S(=O)(=O)[O-])S(=O)(=O)[O-])c1ccc(N/N=C\2/C(=O)c3c(N)cc(cc3C=C2S(=O)(=O)[O-])S(=O)(=O)[O-])c(OC)c1
ext_135,0,CCCCC(CC)CNCC(CC)CCCC
ext_136,0,CCCCC(CC)CN
ext_139,0,OC(=O)CN(CCN(CC(=O)[O-])CC(=O)[O-])CC(=O)[O-]
ext_140,0,OC(C#N)c1ccccc1
ext_141,0,CC1CCC(CC1)C(C)C
ext_143,0,CC(C)[C@@H]1CC[C@@H](C)C[C@H]1O
ext_144,0,CCCCCCCCCCCCC1CO1
ext_145,0,ClC1=C(Cl)C2(Cl)C3C4CC(C5OC45)C3C1(Cl)C2(Cl)Cl
ext_146,0,C[Si]1(C)O[Si](C)(C)O[Si](C)(C)O[Si](C)(C)O1
ext_147,0,ClC1C=CC2C1C1(Cl)C(=C(Cl)C2(Cl)C1(Cl)Cl)Cl
ext_148,0,CCCCC(CC)COC(=O)CCCCCCCCC(=O)OCC(CC)CCCC
ext_149,1,C1CCC2OC2C1
ext_151,0,CCC(C)c1ccccc1O
ext_152,0,CCCCC(CC)COCCC#N
ext_155,1,CC1CO1
ext_160,0,CCCCC(CC)COCCCN
ext_162,0,C1C=CC2C3CC(C=C3)C12
ext_163,0,C[C@]12CC[C@H]3[C@@H](CCc4cc(O)ccc34)C31CC[C@]2(O)[C@@H](O)C3
ext_165,0,CCCCC(CC)C=O
ext_169,1,OCC(Cl)CCl
ext_170,0,Oc1cc(Cl)ccc1Oc1ccc(Cl)cc1Cl
ext_174,1,Clc1c(Cl)c(=O)c2=c(c(=O)ccc2=O)c1=O
ext_176,0,CCCCCCCCCCCCOCC1CO1
ext_177,1,O=C(OCC1CO1)c1cccc(c1)C(=O)OCC1CO1
ext_178,0,CCCCC1C(=O)N(N(C1=O)c1ccc(O)cc1)c1ccccc1
ext_180,1,CCc1cccc(CC)c1N(COC)C(=O)CCl
ext_181,0,C[C@](N)(Cc1ccc(O)c(O)c1)C(=O)O
ext_184,1,C1OC1COc1cccc(OCC2CO2)c1
ext_185,0,CCO[Si](OCC)(OCC)C=C
ext_190,1,OC(=O)c1cn(C2CC2)c2cc(N3CCNCC3)c(F)cc2c1=O
ext_191,1,OC(=O)CCCl
ext_193,0,CCOC(=O)CC(=O)OCC
ext_194,0,[O-]CC(=O)Oc1ccc(Cl)cc1Cl
ext_195,0,[O-]C(=O)c1cccnc1Nc1cccc(c1)C(F)(F)F
ext_201,0,CC(C)(C)c1ccc(cc1)C(=O)O
ext_202,0,CC(O)CC(C)(C)O
ext_203,0,CC#C
ext_204,0,NC(Cc1ccc(O)c(c1)[N+](=O)[O-])C(=O)O
ext_205,1,CC(C)C#N
ext_206,1,OCC(Br)CBr
ext_208,0,[O-]S(=O)(=O)c1ccc(C=C)cc1
ext_210,1,c1ccc2-c3cccc4cccc(-c2c1)c34
ext_212,0,CCC1NC(=O)c2cc(c(Cl)cc2N1)S(=O)(=O)N
ext_215,0,C(=C\C(=O)O)/C(=O)O
ext_216,0,CC(CCN(C)C)N(C)C
ext_217,1,O[C@H]1CC(=O)c2c(O)ccc3-c4ccc(O)c5C(=O)CC[C@@](O)([C@H]1c23)c45
ext_220,0,FC(F)(F)c1ccc(Cl)c(Cl)c1
ext_221,0,OC(=O)CCSCCC(=O)O
ext_223,0,CCC(C)C(C)CO
ext_225,0,CC(=O)OCC(COC(=O)C)OC(=O)C
ext_228,0,OCC1OC(CC1O)n1cc(I)c(=O)[nH]c1=O
ext_230,0,CCCCCCCCCC/C=C/C1CC(=O)OC1=O
ext_231,0,CCCCCCCCC1CO1
ext_232,0,CC1(C)[C@H]2CC[C@](C)(C2)C1=O
ext_234,0,Cc1cc2nc3-c(nc(=O)[nH]c3=O)n(CC(O)C(O)C(O)CO)c2cc1C
ext_235,0,CC(O)CCC(=O)c1cocc1
ext_238,0,C[Si](C)(C)CC=C
ext_240,0,CCCCCCCCCCC1CO1
ext_242,1,OCC(O)CCl
ext_243,0,CCO[Si](OCC)(OCC)OCC
ext_244,0,CC/C(=C(\c1ccccc1)/c1ccc(OCCN(C)C)cc1)/c1ccccc1
ext_247,0,[cH-]1cccc1
ext_249,0,Nc1nc(=O)n(cn1)C1OC(CO)C(O)C1O
ext_251,1,CCn1cc(C(=O)O)c(=O)c2cc(F)c(cc12)N1CCNCC1
ext_252,0,[O-]C(=O)CN(CCN(CC(=O)[O-])CC(=O)[O-])CC(=O)[O-]
ext_253,0,CCC1CCC(CCC(=O)[O-])C1
ext_257,0,CC[C@]12CC[C@H]3[C@@H](CCC4=CC(=O)CC[C@H]34)[C@@H]1CC[C@@]2(O)C#C
ext_261,0,CCN1CCN(C(=O)N[C@H](C(=O)N[C@H]2[C@H]3SC(C)(C)[C@@H](N3C2=O)C(=O)[O-])c2ccccc2)C(=O)C1=O
ext_262,1,C/C=C\C=C\C=O
ext_263,1,CC(=C)C(=O)OCC1CO1
ext_265,1,CC(O)CN(C)c1ccc(NN)nn1
ext_266,1,O=c1n(CC2CO2)c(=O)n(CC2CO2)c(=O)n1CC1CO1
ext_267,1,CN(C)C(=S)[S-]
ext_268,1,CC(C)NCC1CCc2cc(CO)c(cc2N1)[N+](=O)[O-]
ext_270,1,CN(C)c1ccc(cc1)N=NS(=O)(=O)[O-]
ext_271,0,CCN(C)C(=O)Oc1ccc2N(C)C3N(C)CCC3(C)c2c1
ext_272,0,OCC(O)C(O)C(O)C(O)CO
ext_273,0,N[C@@H](CCC(=O)[O-])C(=O)O
ext_274,0,N[C@@H](CCC(=O)[O-])C(=O)[O-]
ext_279,0,CC1(C)[C@@H](C=C(Br)Br)[C@H]1C(=O)O[C@H](C#N)c1cccc(Oc2ccccc2)c1
ext_280,1,CC(=O)Nc1ccc(Oc2c(Cl)cc(Cl)cc2Cl)cc1
ext_282,1,CN[C@H]1[C@H](O)[C@@H](O)[C@H](CO)O[C@H]1O[C@H]1[C@@H](O[C@@H](C)[C@]1(O)C=O)O[C@H]1[C@H](O)[C@@H](O)[C@H](N=C(N)N)[C@@H](O)[C@@H]1N=C(N)N
ext_283,1,CC1OC1C
ext_284,0,CCCC(O)C(CC)CO
ext_285,1,Cc1ccc(cc1)S(=O)(=O)Oc1ccc(cc1)N=Nc1ccc(cc1C)c1ccc(N/N=C\2/C(=O)C=Cc3cc(cc(c23)S(=O)(=O)[O-])S(=O)(=O)[O-])c(C)c1
ext_287,0,[O-]C(=O)c1ccccc1
ext_288,0,COc1cc(ccc1N/N=C/1\C(=O)c2c(O)cc(cc2C=C1S(=O)(=O)[O-])S(=O)(=O)[O-])c1ccc(N/N=C/2\C(=O)c3c(O)cc(cc3C=C2S(=O)(=O)[O-])S(=O)(=O)[O-])c(OC)c1
ext_289,0,O=C[CH-]C=O
ext_291,0,ClC1C2(Cl)C3C4C5OC5C5C4C1(Cl)C(Cl)(C35)C2(Cl)Cl
ext_292,0,CC(=O)C(N=Nc1ccc(cc1Cl)c1ccc(N=NC(C(=O)C)C(=O)Nc2ccccc2)c(Cl)c1)C(=O)Nc1ccccc1
ext_293,0,CN1CC[C@]2(C)[C@H]1N(C)c1ccc(O)cc21
ext_296,1,COc1cc2O[C@H]3OC=C[C@H]3c2c2oc3cccc(O)c3c(=O)c12
ext_297,1,CCOc1ccc(cc1)N=Nc1ccc(cc1C)c1ccc(N/N=C/2\C(=O)C=Cc3cc(cc(c23)S(=O)(=O)[O-])S(=O)(=O)[O-])c(C)c1
ext_298,0,CC1(C)CC(CC(C)(CN=C=O)C1)N=C=O
ext_299,1,C=CC1CO1
ext_301,0,CC(Cl)CCCC(Cl)CCCC(Cl)CCCC(Cl)CCCC(Cl)CCCC(Cl)CCCl
ext_303,0,CC1(C)S[C@@H]2[C@H](NC(=O)COc3ccccc3)C(=O)N2[C@H]1C(=O)[O-]
ext_304,1,CCN(CC)CCCC(C)Nc1c2ccc(Cl)cc2nc2ccc(OC)cc12
ext_305,0,Nc1ccc(/C=C/c2ccc(N)cc2S(=O)(=O)[O-])c(c1)S(=O)(=O)[O-]
ext_307,0,CC(C)CCC(C)Nc1ccc(NC(C)CCC(C)C)cc1
ext_308,0,CCCCCCCCCCCCCCC1CO1
ext_309,1,CN(C)CC(=C)C(=O)c1ccccc1
ext_310,0,CN(C)[C@H]1[C@@H]2[C@@H](O)[C@H]3C(=C(O)c4c(O)cccc4[C@@]3(C)O)C(=O)[C@]2(O)C(=O)/C(=C(/N)\O)/C1=O
ext_311,1,CC(C)(C)c1ccc(OCC2CO2)cc1
ext_312,1,CCC(C)ON=O
ext_313,0,CC=C(Cl)Cl
ext_314,0,CC(C)CCC[C@@H](C)[C@H]1CC[C@H]2/C(=C/C=C\3/C[C@@H](O)CCC3=C)/CCC[C@]12C
ext_315,0,CCCCC(CC)COC(=O)C=C
ext_318,0,CCN(Cc1cccc(c1)S(=O)(=O)[O-])c1ccc(cc1)[C+](c1ccc(cc1)N(CC)Cc1cccc(c1)S(=O)(=O)[O-])c1ccccc1S(=O)(=O)[O-]
ext_320,0,Clc1ccc(COC(Cn2ccnc2)c2ccc(Cl)cc2Cl)cc1
ext_321,0,CCOC(=O)C1OC1(C)c1ccccc1
ext_323,0,CCCCC(CC)COC(=O)/C=C/c1ccc(OC)cc1
ext_326,0,CC(=C)C1CC=C(C)C(O)C1
ext_328,0,CN(C)CCC(c1ccccc1)c1ccccn1
ext_329,0,CCNNCC
ext_330,0,N[C@H](Cc1ccccc1)C(=O)O
ext_331,1,[O-][N+](=O)c1ccc(Nc2ccc(Nc3ccccc3)c(c2)S(=O)(=O)[O-])c(c1)[N+](=O)[O-]
ext_332,0,[O-]S(=O)(=O)c1cc2C=CC(=O)/C(=N\Nc3ccccc3)/c2c(c1)S(=O)(=O)[O-]
ext_333,1,C/C=C/C=O
ext_334,1,[O-]C(=O)/C=C\C(=O)[O-]
ext_336,1,CC1CC(OC(C)O1)OC(=O)C
ext_338,1,COc1cc(OC)c(/C=C\C)cc1OC
ext_339,0,CC(CS)C1CCC(C)C(S)C1
ext_342,1,C=CCOCC1CO1
ext_344,1,O1C2C=CC=CC12
ext_346,0,CC1CC(CC(C)(C)C1)OC(=O)c1ccccc1O
ext_347,1,CC(COc1ccccc1)N(CCCl)Cc1ccccc1
ext_349,0,CC(O)CO
ext_350,0,BrCC(Br)C1CCC(Br)C(Br)C1
ext_353,0,c1ccc(cc1)/C=C\c1ccccc1
ext_357,0,CN1C(CSCC(F)(F)F)Nc2cc(Cl)c(cc2S1(=O)=O)S(=O)(=O)N
ext_358,1,CC1COc2c(N3CCN(C)CC3)c(F)cc3c(=O)c(cn1c23)C(=O)O
ext_359,0,Nc1nc(N)nc(n1)c1ccccc1
ext_361,0,OC(=O)c1ccccn1
ext_363,1,CC(=O)NC[C@H](O)COc1cccc2ccccc12
ext_365,0,OC(=O)C1C(C(=O)O)C2(Cl)C(=C(Cl)C1(Cl)C2(Cl)Cl)Cl
ext_366,1,CC(=O)Nc1cccc(N)c1
ext_368,0,CC(O)CNCC(C)O
ext_369,1,C1CCC(CC1)[NH2+]C1CCCCC1
ext_370,0,CC([O-])C[N+](C)(C)NC(=O)C(=C)C
ext_372,0,C[C@@H]1[C@@H](OC(=O)/C=C/C=C/c2ccccc2)[C@@]2(OC3(O[C@@H]2[C@@H]2[C@@H]4OC4(CO)[C@@H](O)[C@@]4(O)[C@@H](C=C(C)C4=O)[C@@]12O3)c1ccccc1)C(=C)C
ext_373,0,CCC(O)CN
ext_375,0,CCCCCCCC/C=C\CCCCCCCC(=O)O
ext_376,0,CCC(C(=O)N)(C(=O)N)c1ccccc1
ext_379,0,CCCCC(CC)COC(=O)c1ccc(C(=O)OCC(CC)CCCC)c(c1)C(=O)OCC(CC)CCCC
ext_381,0,CCC(C)N
ext_383,0,CCCC(C)(COC(=O)N)COC(=O)NC(C)C
ext_384,0,CCC(Cl)CC(Cl)C(Cl)C(Cl)C(Cl)C(C)Cl
ext_386,0,NC1CCC(CC1)CC1CCC(N)CC1
ext_387,1,BrCC(Br)COC(=O)C=C
ext_388,1,CC(=C)C(=O)OCC(Br)CBr
ext_389,0,CC(C)CC(C)N
ext_390,0,CC(C)CC(C)Nc1ccc(Nc2ccccc2)cc1
ext_391,0,CCCCCCCCC/C=C/CC1CC(=O)OC1=O
ext_392,0,CN(C)CCOC(C)(c1ccccc1)c1ccccn1
ext_393,0,CCCCC(CC)COC(=O)C(=C(c1ccccc1)c1ccccc1)C#N
ext_394,0,NC(Cc1ccc(F)cc1)C(=O)O
ext_395,0,BrC1CC(Br)CC(Br)CC(Br)CC(Br)CC(Br)C1
ext_396,0,CCC(O)OC(O)CC
ext_397,0,CC(=CCCC(C)(OC(=O)c1ccccc1N)C=C)C
ext_398,0,CC(C)(N)C1CCC(C)(N)CC1
ext_399,0,CCCCC(CC)COS(=O)(=O)[O-]
ext_402,0,CC(N)CN
ext_404,0,CC(O)CN(CC(C)O)CC(C)O
ext_405,1,Clc1c(Cl)c(Br)c2C3=NC(=Nc4n5[Cu]n6c(=N3)c3c(Cl)c(Br)c(Cl)c(Br)c3c6=NC3=NC(=Nc5c5c(Br)c(Cl)c(Br)c(Cl)c45)c4c(Cl)c(Cl)c(Br)c(Cl)c34)c2c1Cl
ext_406,0,CCCCCCCCCCCCOS(=O)(=O)[O-]
ext_410,0,CC(O)C(=O)C
ext_412,1,CN(C)c1ccc(C)cc1
ext_414,1,C1CC2OC2CC1C1CO1
ext_415,1,CC1(C)CO1
ext_416,1,CC(C)(c1ccc(OCC2CO2)cc1)c1ccc(OCC2CO2)cc1
ext_417,1,CC(O)CBr
ext_418,0,CCC(C(CC)c1ccc(O)cc1)c1ccc(O)cc1
ext_422,0,CC1(C)CON(Cc2ccccc2Cl)C1=O
ext_428,1,CC(Br)C(=O)O
ext_430,1,CCOC(=O)C1(CCCCCCOCc2sccc2)CO1
ext_433,0,[C@@H]([C@H](C(=O)[O-])O)(C(=O)[O-])O
ext_434,1,[O-][N+](=O)c1cc2CCCC(=O)c2c2ccccc12
ext_436,0,Cc1cccc(OCC(O)CNC(C)(C)C)c1C
ext_440,0,CC(=CC1C(C(=O)OC(C#N)c2cccc(Oc3ccccc3)c2)C1(C)C)C
ext_441,1,ClC(Cl)(Cl)C1CO1
ext_442,0,CCCCCCCCCCCCCCCCCCCCCCO
ext_444,0,CC1(C)[C@@H](C(Br)C(Br)(Br)Br)[C@H]1C(=O)O[C@H](C#N)c1cccc(Oc2ccccc2)c1
ext_445,0,CCOCC(O)COc1ccc(NC(=O)CC[S+](C)C)cc1
ext_448,0,CC(Br)(CBr)CBr
ext_449,0,COC(=O)[C@H]1O[C@H]1c1ccccc1
ext_450,0,O=C1CN(CC2N1CCc1ccccc21)C(=O)C1CCCCC1
ext_451,0,C[C@]12C=CC3=C4CCC(=O)C=C4CC[C@H]3[C@@H]1CC[C@H]2O
ext_452,1,Nc1cccc2cccc(c12)S(=O)(=O)O
ext_456,0,CN(C)c1ccc(cc1)N=Nc1cccnc1
ext_462,0,[O-]C(=O)COc1ccc(Cl)cc1Cl
ext_464,0,Cc1cccn2c(=O)c(cnc12)c1[n-]nnn1
ext_465,1,CN(CC(O)CO)N=O
ext_468,1,Cc1c(cc(NO)cc1[N+](=O)[O-])[N+](=O)[O-]
ext_470,1,Cc1cc(Cl)ccc1N
ext_471,0,CCOC(=O)Nc1cccc2C(CN(C)Cc12)c1ccc(Cl)cc1
ext_472,0,CC(C)C[C@@H]1N2C(=O)[C@](NC(=O)[C@@H]3C[C@H]4[C@@H](Cc5c[nH]c6cccc4c56)N(C)C3)(O[C@@]2(O)[C@@H]2CCCN2C1=O)C(C)C
ext_473,0,ClCCCCl
ext_474,0,CC(=O)OC(C)(C)C
ext_475,0,COc1ccc(cc1)C(O)(C1CC1)c1cncnc1
ext_476,0,C(=C\C(=O)[O-])\C(=O)O
ext_478,0,CCCCCCOCCOCCO
ext_480,1,CCN(CC)c1ccc(cc1)N=Nc1c(Cl)cc(cc1[N+](=O)[O-])[N+](=O)[O-]
ext_485,1,CC(=O)Nc1ccc2[nH]c3ccccc3c2c1
ext_491,0,C[N+]1([O-])CCC[C@H]1c1cccnc1
ext_492,1,Cn1c2ccccc2c(=O)c2c(O)cc3OC(Cc3c12)C(C)(O)CCl
ext_493,0,Oc1ccc2cc(cc(c2c1)S(=O)(=O)[O-])S(=O)(=O)[O-]
ext_494,1,Cc1cc(ccc1N=C=O)c1ccc(N=C=O)c(C)c1
ext_495,0,CCC1C(=NN=C(c2ccc(OC)c(OC)c2)c2cc(OC)c(OC)cc12)C
ext_497,0,C[C@]1(O)CC[C@H]2[C@@H]3CCC4=CC(=O)CC[C@]4(C)[C@@]3(F)[C@@H](O)C[C@]12C
ext_498,1,s1ccc2c1ccc1ccc3ccccc3c21
ext_500,0,CCCC[N+](=O)[O-]
ext_502,0,CCO[Si](C)(C)OCC
ext_504,0,C[Si]1(C)O[Si](C)(C)O[Si](C)(C)O1
ext_505,0,C[Si]1(C)O[Si](C)(C)O[Si](C)(C)O[Si](C)(C)O[Si](C)(C)O1
ext_506,1,CC(=O)Nc1ccc2[nH]c3ccccc3c2c1[N+](=O)[O-]
ext_507,1,CC(=O)Nc1cc2c([nH]c3ccccc23)cc1[N+](=O)[O-]
ext_509,0,CC(C)NCC(O)COc1cccc2CC(COc12)O[N+](=O)[O-]
ext_510,1,Nc1ccc(NC(=O)c2ccc(N)cc2)cc1
ext_511,1,CC(C)C1CCC(C)CC1=O
ext_514,1,CC(=O)Nc1ccc2c([nH]c3ccccc23)c1
ext_515,1,CCC1(C(=O)NC(=O)[N-]C1=O)c1ccccc1
ext_518,1,Cc1c2ccccc2cc2-c3ccccc3C3NC3c12
ext_520,1,NCC(=O)CCC(=O)O
ext_521,1,NC(=O)c1cccc2cccnc12
ext_522,1,Cn1c2ccccc2c(=O)c2c(O)cc3OC(Cc3c12)C(=C)C
ext_523,0,ClC1=C(Cl)C2(Cl)[C@@H]3COS(=O)OC[C@@H]3[C@@]1(Cl)C2(Cl)Cl
ext_528,1,C=CC(=O)N(CC1CO1)CC1CO1
ext_529,0,CC(=O)OCCO
ext_530,0,CC[C@H](C)[C@H](NC(=O)[C@@H](NC(=O)[C@H](CCC(=O)O)NC(=O)[C@H](CC(C)C)NC(=O)[C@H](CCSC)NC(=O)[C@H](CCCCN)NC(=O)[C@H](CCCNC(=N)N)NC(=O)[C@H](CC(=O)N)NC(=O)[C@H](CO)NC(=O)[C@H](Cc1[nH]cnc1)NC(=O)[C@H](C)NC(=O)[C@H](CCC(=O)N)NC(=O)[C@H](CCC(=O)N)NC(=O)[C@H](C)NC(=O)[C@H](CC(C)C)NC(=O)[C@H](CCC(=O)N)NC(=O)[C@H](CCC(=O)O)NC(=O)[C@H](C)NC(=O)[C@H](CCCNC(=N)N)NC(=O)[C@H](C)NC(=O)[C@H](CCSC)NC(=O)[C@H](CCC(=O)O)NC(=O)[C@H](CC(C)C)NC(=O)[C@@H](NC(=O)[C@H](CCC(=O)O)NC(=O)[C@H](CCCNC(=N)N)NC(=O)[C@H](CC(C)C)NC(=O)[C@H](CC(C)C)NC(=O)[C@H](Cc1[nH]cnc1)NC(=O)[C@H](Cc1ccccc1)NC(=O)[C@@H](NC(=O)[C@H](CC(C)C)NC(=O)[C@H](CC(=O)O)NC(=O)[C@H](CC(C)C)NC(=O)[C@H](CO)NC(=O)[C@@H](NC(=O)[C@@H]1CCCN1C(=O)[C@@H]1CCCN1C(=O)[C@H](CCC(=O)O)NC(=O)[C@H](CCC(=O)O)NC(=O)[C@@H](N)CO)[C@@H](C)CC)[C@@H](C)O)C(C)C)[C@@H](C)CC)C(=O)O
ext_532,1,CCOC(=O)CC1OCCc2c1[nH]c1c(CC)c(O)ccc21
ext_533,0,ClC1=C(Cl)C2(Cl)[C@H]3COS(=O)OC[C@H]3[C@]1(Cl)C2(Cl)Cl
ext_534,1,OCC1SCCN1N=O
ext_536,1,CC(=O)OCc1c(O)c(C(=O)O)c(C)c2Oc3c(C=O)c(O)cc(C)c3C(=O)Oc12
ext_537,1,OC1=CC=C(O)C2C1C(=O)c1c(O)ccc(O)c1C2=O
ext_538,1,ClCC(Cl)COCC(Cl)CCl
ext_541,1,CCS(=O)(=O)n1ncc(c(Cl)c1=O)Cl
ext_542,0,C[C@@H]1COc2c(N3CCN(C)CC3)c(F)cc3c(=O)c(cn1c23)C(=O)O
ext_544,1,[O-][N+](=O)c1ccc(cc1)S(=O)(=O)n1ncc(c(Cl)c1=O)Cl
ext_549,1,CC(C)(C)NC[C@@H](O)COc1ccccc1C1CCCC1
ext_550,0,COC(=O)C1=C(C)NC(=C(C1c1ccccc1[N+](=O)[O-])C(=O)OCC(=O)C)C
ext_551,0,NC(=O)CN1CC(O)CC1=O
ext_552,0,CC(C)c1ccccc1O
ext_555,0,CC(O)C(=O)O
ext_558,0,OC[C@H]1OC(O[C@H]2[C@H](O)[C@@H](O)C(O[C@@H]2CO)O[C@H]2[C@H](O)[C@@H](O)[C@@H](O)O[C@@H]2CO)[C@H](O)[C@@H](O)[C@@H]1O
ext_560,0,[NH3+]CCCCCCCCCCCC(=O)[O-]
ext_561,1,CC1(C)C[C@H]2[C@H](O)[C@]3(C)C[C@]3(C=O)C(=C2C1)C=O
ext_562,0,O=C1OCCO1
ext_563,0,CC1C(C)(C)c2cc(C)c(cc2C1(C)C)C(=O)C
ext_565,0,Oc1c(C2CCCc3ccccc23)c(=O)c2ccccc2o1
ext_566,1,[O-][N+](=O)c1ccccc1OS(=O)(=O)c1cccc2cccnc12
ext_567,1,[O-][N+](=O)c1cccc(OS(=O)(=O)c2cccc3cccnc23)c1
ext_568,1,Clc1ccc(OS(=O)(=O)c2cccc3cccnc23)cc1Cl
ext_569,1,Cc1ccc(OS(=O)(=O)c2cccc3cccnc23)c(c1)[N+](=O)[O-]
ext_570,1,CN(C)c1ccc(NS(=O)(=O)c2cccc3cccnc23)cc1
ext_571,1,[O-][N+](=O)c1cccc2[nH]c3ccccc3c12
ext_572,1,Cn1c(ncc1[N+](=O)[O-])C1NC(CO)(CO)CO1
ext_574,0,COC(=O)C1=C(C)NC(=C(C1c1cccc(c1)[N+](=O)[O-])C(=O)OC/C=C/c1ccccc1)C
ext_575,1,CCOC(=O)CC1OCCc2c1[nH]c1c(CC)cc(O)cc21
ext_576,0,CNC(=O)CN(CCN(CCN(CC(=O)[O-])CC(=O)NC)CC(=O)[O-])CC(=O)[O-]
ext_578,1,C[C@H](O)CC(O[C@@H](C)C=O)O[C@@H]1[C@H](C)O[C@H](C[C@@H]1N)O[C@H]1C[C@@](O)(Cc2c(O)c3C(=O)c4cccc(O)c4C(=O)c3c(O)c12)C(=O)C
ext_579,0,COC(=O)C1=C(C)NC(=C(C1c1cccc(c1)[N+](=O)[O-])C(=O)OCCN1CCN(CC1)C(c1ccccc1)c1ccccc1)C
ext_580,0,CC1(C)[C@H](C=C(Cl)Cl)[C@H]1C(=O)OCc1cccc(Oc2ccccc2)c1
ext_581,1,[O-][N+](=O)c1ccc(/C=C\c2ccc(cc2)C#N)cc1
ext_582,1,OCC(O)C(O)C(O)C(O)C1SCCN1N=O
ext_583,1,Clc1ccc(OS(=O)(=O)c2cccc3cccnc23)c(Cl)c1
ext_585,1,OC(=O)c1cc(Cl)cc2cccnc12
ext_587,1,c1ccc(cc1)N=Cc1cccc2cccnc12
ext_588,1,CCN(CC)CCCC(C)Nc1cc(OC)cc2cccnc12
ext_591,0,O[C@H]1CO[C@@H]2[C@@H](CO[C@H]12)O[N+](=O)[O-]
ext_594,0,CN1CC(c2ccccc2)c2cccc(N)c2C1
ext_595,0,CCCC(=O)N[C@@H](C)C(=O)N[C@@H](CO)C(=O)N[C@@H](CC(C)C)C(=O)N[C@@H](CO)C(=O)N[C@@H]([C@@H](C)O)C(=O)N[C@@H](CC)C(=O)N[C@@H](C(C)C)C(=O)N[C@@H](CC(C)C)C(=O)NCC(=O)N[C@@H](CCCCN)C(=O)N[C@@H](CC(C)C)C(=O)N[C@@H](CO)C(=O)N[C@@H](CCC(=O)N)C(=O)N[C@@H](CCC(=O)O)C(=O)N[C@@H](CC(C)C)C(=O)N[C@@H](Cc1[nH]cnc1)C(=O)N[C@@H](CCCCN)C(=O)N[C@@H](CC(C)C)C(=O)N[C@@H](CCC(=O)N)C(=O)N[C@@H]([C@@H](C)O)C(=O)N[C@@H](Cc1ccc(O)cc1)C(=O)N1CCC[C@H]1C(=O)N[C@@H](CCCNC(=N)N)C(=O)N[C@@H]([C@@H](C)O)C(=O)N[C@@H](CC(=O)O)C(=O)N[C@@H](C(C)C)C(=O)NCC(=O)N[C@@H](C)C(=O)NCC(=O)N[C@@H]([C@@H](C)O)C(=O)N1CCC[C@H]1C(=O)N
ext_596,0,C/C=C(\C)/C(=O)O[C@H]1[C@H](OC(=O)C)[C@]2(CO)[C@H](O)C[C@]3(C)C(=CCC4[C@@]5(C)CC[C@@H](O[C@@H]6O[C@@H]([C@@H](O[C@@H]7O[C@H](CO)[C@@H](O)[C@H](O)[C@H]7O)[C@H](O)[C@H]6O[C@@H]6O[C@H](CO)[C@@H](O)[C@H](O)[C@H]6O)C(=O)O)[C@](C)(CO)C5CC[C@@]34C)C2CC1(C)C
ext_597,1,CNC(=O)c1cccc2c(Nc3ccc(NS(=O)(=O)C)cc3OC)c3cccc(C)c3nc12
ext_598,0,Oc1ccccc1C(=O)[O-]
ext_599,1,O[C@@H]1[C@H]2O[C@H]2c2c(cc3ccc4cccc5c6ccccc6c2c3c45)[C@H]1O
ext_601,1,CCN(CC)c1ccc(cc1)N=Nc1c(Cl)cc(cc1Cl)[N+](=O)[O-]
ext_604,0,CCNc1nc(Cl)nc(NC(C)(C)C#N)n1
ext_606,0,CCOc1ccc2ccccc2c1
ext_607,0,OC(=O)CC(Cl)C(=O)O
ext_608,0,COC(=O)C1=C(C)NC(=C(C1c1cccc(Cl)c1Cl)C(=O)OC(C)C)COC(=O)N
ext_609,0,CCCCO[C@@H](CC)CO
ext_611,0,O=c1[nH]c(=O)[n-]c(=O)[nH]1
ext_612,1,CCCCCC(O)CC(=O)CCC1CCC(O)C(C1)OC
ext_613,0,O[C@H](C[C@H](O)/C=C/c1c(nc2ccccc2c1c1ccc(F)cc1)C1CC1)CC(=O)[O-]
ext_614,1,O[C@@H]1[C@@H]2O[C@@H]2c2c(cc3ccc4cccc5c6ccccc6c2c3c45)[C@H]1O
ext_615,0,COc1cc(/C=C/C(=O)O)cc(OC)c1OC
ext_617,0,C[n+]1c2-c3c(CCn2c(=O)c2ccccc12)c1c([nH]3)cccc1
ext_618,1,CCCS(=O)(=O)n1ncc(c(Cl)c1=O)Cl
ext_619,0,C[C@H]1COc2c(N3CCN(C)CC3)c(F)cc3c(=O)c(cn1c23)C(=O)O
ext_620,0,CC(=O)N[C@@H](CC(=O)O)C(=O)O
ext_621,1,[O-][N+](=O)c1ccc(cc1)C(=O)n1ncc(c(Cl)c1=O)Cl
ext_622,0,CC(C)C(O)C(C)(C)COC(=O)C(C)C
ext_623,0,CCC=C
ext_624,0,C[C@]12CC[C@H]3[C@@H](CC[C@H]4C[C@H](CC[C@]34C)OC(=O)/C=C/c3cccc(c3)N(CCCl)CCCl)[C@@H]1CCC(=O)N2
ext_625,0,CC1=CC[C@@H]2C[C@H]1C2(C)C
ext_626,0,CC(C)C1=CC=C(C)CC1
ext_627,1,CC(=O)c1cc(NC(=O)N)ccc1OCC(O)CNC(C)(C)C
ext_632,0,FC(F)(F)CC(F)(F)F
ext_633,0,[O-][N+](=O)c1ccc(/C=C/c2ccc(cc2S(=O)(=O)[O-])[N+](=O)[O-])c(c1)S(=O)(=O)[O-]
ext_634,1,CO[C@H]1C[C@](C)(O)Cc2cc3C(=O)c4c5OC6OC(C)([C@H](O)[C@H]([C@@H]6O)N(C)C)c5cc(O)c4C(=O)c3c(O)c12
ext_636,0,Cc1onc(c1)C(=O)NNCc1ccccc1
ext_637,0,CCCCOC(=O)[C@@H](C)Oc1ccc(Oc2ccc(cc2F)C#N)cc1
ext_639,0,CC(CO)(CO)CO
ext_640,0,C[N+](C)(CC=C)CC=C
ext_641,0,OCCCCCCO
ext_644,0,CCCC(=O)Nc1ccc(OCC(O)CNC(C)C)c(c1)C(=O)C
ext_645,0,CNCCC=C1c2ccccc2CCc2ccccc12
ext_646,0,CC(C)NNC(=O)c1ccncc1
ext_647,0,Nc1cc(Cl)nc(C(=O)O)c1Cl
ext_648,0,CCOC(=O)Nc1cccc(OC(=O)Nc2ccccc2)c1
ext_649,0,c12c3c4c5c1c1c6c7c2c2c8c3c3c9c4c4c%10c5c5c1c1c6c6c%11c7c2c2c7c8c3c3c8c9c4c4c9c%10c5c5c1c1c6c6c%11c2c2c7c3c3c8c4c4c9c5c1c1c6c2c3c41
ext_650,0,Oc1ccc(Cc2ccc(O)cc2)cc1
ext_651,0,CCCCCCCC/C=C/CCCCCCCC(=O)N
ext_652,0,CC(C)CCCC(C)CCCC(C)CCCCC(C)CCCC(C)CCCC(C)C
ext_653,1,Nc1cc(cc2C=C(/C(=N\Nc3ccc(cc3)c3ccc(N/N=C\4/C(=O)c5c(N)cc(cc5C=C4S(=O)(=O)[O-])S(=O)(=O)[O-])cc3)/C(=O)c12)S(=O)(=O)[O-])S(=O)(=O)[O-]
ext_654,0,ClC1C(Cl)C(Cl)C(Cl)C(Cl)C1Cl
ext_655,1,c1cc(ccn1)c1ccncc1
ext_658,1,CC(O)C(NC(=O)C(C)C(O)C(C)NC(=O)C(NC(=O)c1nc(nc(N)c1C)C(CC(=O)N)NCC(N)C(=O)N)C(O[C@@H]1O[C@@H](CO)[C@@H](O)[C@H](O)[C@@H]1O[C@H]1O[C@H](CO)[C@@H](O)[C@H](OC(=O)N)[C@@H]1O)c1[nH]cnc1)C(=O)NCCc1scc(n1)c1scc(n1)C(=O)NCCC[S+](C)C
ext_659,1,CCN(Cc1cccc(c1)S(=O)(=O)[O-])c1ccc(cc1)[C+](c1ccc(cc1)N(C)C)c1ccc(cc1)N(CC)Cc1cccc(c1)S(=O)(=O)[O-]
ext_663,1,ClC1CC2C(C1Cl)C1(Cl)C(=C(Cl)C2(Cl)C1(Cl)Cl)Cl
ext_665,0,Nc1nc(=O)n(cc1)[C@@H]1O[C@H](CO)[C@@H](O)[C@@H]1O
ext_666,1,CC1CC(=O)O1
ext_669,1,Cc1ccc2[nH]c3c(C)cc(c(C)c3c2c1)[N+](=O)[O-]
ext_670,1,COC(=O)C12OC1(C)C(OC2=O)C(C)C
ext_671,1,C[n+]1ccc(cc1)c1ccccn1
ext_672,1,C[n+]1cccc(c1)c1ccc[n+](C)c1
ext_673,0,CCCCC[N+](=O)[O-]
ext_674,0,CCC(C(C)O)[N+](=O)[O-]
ext_675,1,COC(=O)C12OC1(C)C(O)(NC2=O)C(C)C
ext_676,1,O=C(OCC1CO1)C1CCCCC1C(=O)OCC1CO1
ext_677,1,COCC1CO1
ext_678,1,CC(C)OCC1CO1
ext_679,1,CC(C)(C)OCC1CO1
ext_681,1,Cc1ccccc1OCC1CO1
ext_682,1,C(CCOCC1CO1)COCC1CO1
ext_683,1,CC(C)(COCC1CO1)COCC1CO1
ext_684,1,C[n+]1ccccc1c1cccc[n+]1C
ext_685,1,C[C@@H]1OC(C[C@H](N)[C@@H]1O)O[C@H]1C[C@@](O)(Cc2c(O)c3C(=O)c4cccc(O)c4C(=O)c3c(O)c12)C(=O)C
ext_686,0,CC(CO)[N+](=O)[O-]
ext_688,1,[O-][N+](=O)c1ccc2C3OC3c3cccc4c5ccccc5c1c2c34
ext_689,1,BrCC1CO1
ext_690,1,ClC(Cl)(Cl)CC1CO1
ext_692,1,C=CC(=O)OCC1CO1
ext_693,1,c1ccc(nc1)c1ccccn1
ext_694,0,CC1OC(=O)C=C1
ext_695,0,Cc1cnc(C)c(C)n1
ext_696,1,CCC(Cl)[N+](=O)[O-]
ext_697,1,O[C@@H]1C=CC=C[C@H]1O
ext_698,1,FCC1CO1
ext_699,1,CCC(C)COC(=O)/C=C/c1ccc(cc1)N=Cc1ccc(OC)cc1
ext_701,0,O=C/C=C/c1ccccc1
ext_703,1,CCCOc1cc(ccc1N/N=C/1\C(=O)c2cc(N)ccc2C=C1S(=O)(=O)[O-])N=Nc1ccccc1
ext_704,1,CCCCOc1cc(ccc1N/N=C/1\C(=O)c2cc(N)ccc2C=C1S(=O)(=O)[O-])N=Nc1ccc(cc1)N(CC)CC
ext_705,1,[O-][N+](=O)c1ccc(OCC2CO2)cc1
ext_706,1,CCCCOc1cc(ccc1N/N=C/1\C(=O)c2cc(N)ccc2C=C1S(=O)(=O)[O-])N=Nc1ccccc1
ext_707,1,CC(CF)NCC(O)COc1cccc2[nH]c3ccccc3c12
ext_710,1,c1cncc(c1)c1cccnc1
ext_711,1,OC1C=Cc2c(ccc3-c4cccc5cccc(-c23)c45)C1O
ext_712,1,CCOc1cc(ccc1N/N=C/1\C(=O)c2cc(N)ccc2C=C1S(=O)(=O)[O-])N=Nc1ccc(cc1)N(CC)CC
ext_713,1,OC1C=C2c3ccc4ccccc4c3-c3cccc(C1O)c23
ext_714,0,C[N-]C(=O)Oc1ccc(NC=C2C=CC=C2)cc1
ext_717,1,CC(C)(C)NC[C@H](O)COc1ccccc1C1CCCC1
ext_719,1,OC[C@@H](O)CCl
ext_720,1,COc1cc(Oc2ccc(Cl)cc2Cl)ccc1N
ext_721,1,[O-][N+](=O)c1ccc2C3OC3c3cccc4ccc1c2c34
ext_722,1,[O-][N+](=O)c1ccc2ccc3cccc4C5OC5c1c2c34
ext_723,1,OC(C=C)C=C
ext_724,1,COc1cc(ccc1N/N=C/1\C(=O)c2cc(N)ccc2C=C1S(=O)(=O)[O-])N=Nc1ccccc1
ext_725,1,CCOc1cc(ccc1N/N=C/1\C(=O)c2cc(N)ccc2C=C1S(=O)(=O)[O-])N=Nc1ccccc1
ext_726,1,Nc1ccc2C=C(/C(=N/Nc3ccc(cc3OCCO)N=Nc3ccccc3)/C(=O)c2c1)S(=O)(=O)[O-]
ext_727,1,CCN(CC)c1ccc(cc1)N=Nc1ccc(N/N=C/2\C(=O)c3cc(N)ccc3C=C2S(=O)(=O)[O-])c(OC)c1
ext_728,1,CCN(CC)c1ccc(cc1)N=Nc1ccc(N/N=C/2\C(=O)c3cc(N)ccc3C=C2S(=O)(=O)[O-])c(OCCO)c1
ext_729,1,COc1cc(ccc1N/N=C/1\C(=O)c2cc(N)ccc2C=C1S(=O)(=O)[O-])N=Nc1ccc(cc1)N(CCO)CCO
ext_730,1,CCCOc1cc(ccc1N/N=C/1\C(=O)c2cc(N)ccc2C=C1S(=O)(=O)[O-])N=Nc1ccc(cc1)N(CCO)CCO
ext_731,0,CC/C=C/C=C\CCCCCCOC(=O)C
ext_732,1,CC1CS(=O)(=O)CCN1/N=C/c1oc(cc1)[N+](=O)[O-]
ext_733,0,C/C=C/C=C\C
ext_734,0,C/C=C/C=C
ext_735,0,CC(C)C1(O)CCC(=CC1)C
ext_737,0,C/C=C/C=C/CCCCCCCOC(=O)C
ext_738,0,ClC(Cl)C(c1ccc(Cl)cc1)c1ccccc1Cl
ext_739,0,CC1=C(C=C)/C(=C/C2=NC(Cc3[nH]c(/C=C\4/NC(=O)C(=C4C)C=C)c(C)c3CCC(=O)NCCS(=O)(=O)[O-])C(=C2C)CCC(=O)NCCS(=O)(=O)[O-])/NC1=O
ext_740,0,CC1=C(C=C)/C(=C/c2[nH]c(Cc3[nH]c(/C=C/4\NC(=O)C(=C4C)C=C)c(C)c3CCC(=O)O)c(CCC(=O)O)c2C)/NC1=O
ext_741,1,OCC(O)CI
ext_742,1,Clc1cc(Cl)c2C3N=C(N=c4n5[Cu]N6C(N=C7N=C(N=c5c5c(Cl)c(Cl)c(Cl)c(Cl)c45)c4c(Cl)c(Cl)c(Cl)c(Cl)c74)c4c(Cl)c(Cl)c(Cl)c(Cl)c4C6=N3)c2c1Cl
ext_744,0,CC(=O)O[C@@H]1[C@@H](O)C2OC3C=C(C)C(=O)[C@@H](O)C3(CO)C1(C)C12CO1
ext_745,0,O=C1[CH-]C(=O)C1=O
ext_746,1,C1OC1COc1ccccc1
ext_747,1,CCCCCCOCC1CO1
ext_748,1,O=CCC=O
ext_749,1,Cc1ccc(OCC2CO2)cc1
ext_751,1,O[C@@H]1[C@H]2O[C@H]2c2c(ccc3ccccc23)[C@H]1O
ext_752,1,Nc1cccc2ncccc12
ext_754,1,COc1cccc2C(=O)c3c(O)c4C[C@](O)(C[C@H](O[C@H]5C[C@H](N)[C@H](O)[C@H](C)O5)c4c(O)c3C(=O)c12)C(=O)C
ext_755,1,CCCOc1cc(ccc1N/N=C/1\C(=O)c2cc(N)ccc2C=C1S(=O)(=O)[O-])N=Nc1ccc(cc1)N(CC)CC
ext_758,1,CCCCNN
ext_761,1,O=C1C=Cc2c3ccccc3ccc2C1=O
ext_762,1,CCN(CC)CCOc1ccc(cc1)/C(=C(\Cl)/c1ccccc1)/c1ccccc1
ext_763,1,CCOc1cc(ccc1N/N=C/1\C(=O)c2cc(N)ccc2C=C1S(=O)(=O)[O-])N=Nc1ccc(cc1)N(CCO)CCO
ext_764,1,COc1cccc2C(=O)c3c(O)c4C[C@](O)(C[C@H](O[C@H]5C[C@H](N)[C@@H](O)[C@H](C)O5)c4c(O)c3C(=O)c12)C(=O)CO
ext_765,1,OC(=O)c1c(cc(cc1[N+](=O)[O-])[N+](=O)[O-])[N+](=O)[O-]
ext_766,1,s1ccc2ccc3ccc4ccccc4c3c12
ext_767,0,C[C@@H]1CC2=C(C3[C@@H](C=C(C)C2=O)C(CCC3=C)C(=C)C)C1=O
ext_769,0,CC(=C)C1CCC(=C)C2[C@H]1C=C(C)C(=O)C1=C2C(=O)[C@](C)(O)C1
ext_773,1,ON(C=O)c1ccc(Cl)cc1
ext_774,1,ON(C(=O)CCC(=O)O)c1ccc(Cl)cc1
ext_775,1,ON(C=O)c1ccc(Br)cc1
ext_776,1,Cc1ccc(cc1)N(O)C=O
ext_779,1,ClC/C=C\CCl
ext_780,0,[O-]C(=O)C1=NN(c2ccc(cc2)S(=O)(=O)[O-])C(=O)C1N=Nc1ccc(cc1)S(=O)(=O)[O-]
ext_785,0,C[N-]C(=S)N/N=C/C(=N/NC(=S)[N-]C)/C
ext_787,0,CCOC(=O)c1cc(Cc2ccc(N)c(c2)C(=O)OCC)ccc1N
ext_788,1,O1C2C=Cc3c(ccc4c5C=Cc6cccc(cc34)c56)C12
ext_789,1,C[C@H](CCC(=O)O)[C@H]1CC[C@H]2[C@@H]3[C@@H](O)C[C@@H]4C[C@H](O)CC[C@]4(C)[C@H]3CC[C@]12C
ext_791,1,ON(C=O)c1ccc(F)cc1
ext_792,0,Cl/C=C(/Cl)\c1c(Cl)c(Cl)c(Cl)c(Cl)c1Cl
ext_793,0,Cc1cc(C)cc(N/N=C/2\C(=O)C=Cc3ccccc23)c1
ext_795,0,Nc1ccc(N)c(c1)S(=O)(=O)[O-]
ext_798,1,O1C2C1c1cc3c(ccc4ccccc34)cc1-c1ccccc21
ext_799,1,CCC(C)Br
ext_800,1,COCC(O)Cn1cc(nc1Cl)[N+](=O)[O-]
ext_801,1,Cc1ccc2C(=O)c3ccc(O)cc3C(=O)c2c1
ext_802,1,CC(=CC1C(C(=O)OCc2oc(CC#C)cc2)C1(C)C)C
ext_803,1,C=COc1ccccc1
ext_804,0,CC/C=C(\C)/C(OC(=O)C1C(C=C(C)C)C1(C)C)C#C
ext_811,1,O1C2C1c1ccc3ccccc3c1-c1ccccc21
ext_812,1,N1C2C1c1ccc3ccccc3c1-c1ccccc21
ext_813,1,CCCN(CCC)CCc1cccc2[nH]c3c(C)ccc(C)c3c12
ext_814,1,CCCNNCCC
ext_815,1,CCCCNNCCCC
ext_816,1,CCCN(N)CCC
ext_819,0,C[C@]12CC[C@@H]3[C@H](CCc4cc(O)ccc34)[C@H]1C[C@@H](O)C2=O
ext_820,1,CCCCCCCCCCCCCCCCCC(=O)OCC1=CC=C2C(=CCC(C=C12)C(=C)C)C
ext_821,1,[O-][n+]1cc2cnccc2cn1
ext_822,1,[O-][n+]1ccc2cnncc2c1
ext_823,0,Cc1ccccc1OCC(O)CNCCOc1ccc(cc1)C(=O)N
ext_824,0,CCc1cccc2cc(oc12)C(O)CNC(C)(C)C
ext_825,1,Cc1c(O)cc2C(=O)c3c(O)cccc3C(=O)c2c1O
ext_826,1,COc1ccc(cc1)c1[nH]c(nc1c1ccc(OC)cc1)c1ccccc1
ext_827,1,OCc1c(O)c2C(=O)c3ccccc3C(=O)c2cc1O[C@H]1O[C@H](CO[C@@H]2OC[C@@H](O)[C@H](O)[C@H]2O)[C@@H](O)[C@H](O)[C@H]1O
ext_828,0,CC(CCc1ccccc1)NCC(O)c1ccc(O)c(c1)C(=O)N
ext_830,1,Cc1cc(N)ccc1N
ext_831,1,CC[C@@]1(O)C[C@H](O)c2c(O)c3C(=O)c4c(O)cccc4C(=O)c3cc2[C@H]1C(=O)OC
ext_834,0,COc1ccc2nccc(C(O)C3CC4CCN3CC4C=C)c2c1
ext_835,0,Cc1ccc(cc1[N+](=O)[O-])N=O
ext_836,1,[O-][N+](=O)c1cc2[nH]c3ccc4ccccc4c3c2c2ccccc12
ext_837,1,Oc1ccc2c(c1)c1c([nH]c3ccc4ccccc4c13)cc2[N+](=O)[O-]
ext_838,1,Oc1ccc2c(c1)c(cc1[nH]c3ccc4ccccc4c3c21)[N+](=O)[O-]
ext_839,1,[O-]C(=O)C(Cc1ccc(Cl)cc1)NC(=O)Cc1ccccc1
ext_840,1,ClC1CN(CC1Cl)N=O
ext_842,1,C/C=C(\Cl)/C1=C(Cl)C(=O)[C@@]23C[C@H]2C(C)(C)O[C@]3(O)C1=O
ext_843,0,CC(C)(C)NCC(O)COc1cccc2C(=O)CCCc12
ext_844,1,CC(C)c1c(N)ccc2ccccc12
ext_845,0,Nc1ccc(cc1)S(=O)(=O)[O-]
ext_846,1,CCCn1cc2C[C@@H]3[C@H](C=C(C)CN3C)c3cccc1c23
ext_847,1,Cc1ccc(cc1)C(=O)O[C@H]([C@@H](OC(=O)c1ccc(C)cc1)C(=O)O)C(=O)O
ext_850,1,CCc1c(N)ccc2ccccc12
ext_851,1,[O-]c1cccc2cccnc12
ext_857,1,CC(=O)Nc1ccc(cc1)[C@H]1O[C@@H]1C(=O)c1ccccc1
ext_858,0,C[C@]12CC[C@H]3[C@@H](CCc4cc(O)c(O)cc34)[C@@H]1CC[C@@H]2O
ext_859,0,C[C@]12CC[C@H]3[C@@H](CCc4c(O)c(O)ccc34)[C@@H]1CC[C@@H]2O
ext_860,0,[O-][N+](=O)c1ccc(cc1)C1OC1C(=O)c1ccccc1
ext_862,1,[O-]C(=O)[C@H](Cc1ccc(Cl)cc1)NC(=O)OCc1ccccc1
ext_863,1,CCc1cc(ccc1N)c1ccccc1
ext_864,1,Cc1cc(cc(C)c1N)c1ccccc1
ext_865,0,CC(C)NCC(O)COc1cccc2ccccc12
ext_867,1,[O-][N+](=O)c1cccc2cc3ccccc3cc12
ext_868,1,COc1ccc(NC(=O)C)cc1N
ext_873,1,Oc1ccc2C(=O)c3ccccc3C(=O)c2c1
ext_874,0,CC12CC[C@H]3C(CCc4c(O)c(O)ccc34)[C@@H]1CCC2=O
ext_875,0,C[C@]12CC[C@H]3[C@@H](CCc4cc(O)c(O)cc34)[C@@H]1CCC2=O
ext_876,0,Cc1ccc(c(c1[N+](=O)[O-])S(=O)(=O)O)[N+](=O)[O-]
ext_877,0,Cc1cc(c(cc1[N+](=O)[O-])[N+](=O)[O-])S(=O)(=O)O
ext_878,1,CNc1ccc2nc3ccc(N)cc3[s+]c2c1
ext_879,1,CNc1ccc2nc3ccc(cc3[s+]c2c1)N(C)C
ext_880,1,CN(C)c1ccc2nc3ccc(N)cc3[s+]c2c1
ext_881,1,[O-][N+](=O)NC1=NCCN1Cc1ccc(Cl)nc1
ext_882,1,OC[C@H]1O[C@@H](Oc2c(oc3cc(O)cc(O)c3c2=O)c2ccc(O)c(O)c2)[C@H](O)[C@@H](O)[C@@H]1O
ext_884,0,CCN(CC)C(=S)[S-]
ext_885,0,CCN(c1ccccc1)C(=S)[S-]
ext_888,1,COc1ccc(N)cc1N
ext_889,1,OC(CBr)C(O)C(O)C(O)CBr
ext_890,1,CC1(C)CC2=C(C=O)[C@]3(C[C@@]3(C)[C@@H](O)[C@@]2(O)C1)C=O
ext_891,1,OC(=O)/C=C(\CCl)/C(Cl)Cl
ext_892,1,O[C@H]1C=C[C@@H]2O[C@@H]2[C@@H]1O
ext_893,1,O[C@@H]1C=C[C@H]2O[C@H]2[C@H]1O
ext_895,1,CC1(C)CC2C(O)(C1)C=C(C=O)C13CC21C(=O)OC3O
ext_897,1,ClC[C@@H]1CO1
ext_898,1,OC[C@@H]1CO1
ext_899,1,Cc1ccc(cc1)S(=O)(=O)OC[C@H]1CO1
ext_900,1,O[C@H]1[C@H](O)c2ccc3nc4ccc5ccccc5c4cc3c2[C@H]2O[C@@H]12
ext_901,1,N1C2C1c1c3ccccc3ccc1-c1ccccc21
ext_902,1,O1c2c1c1c3ccccc3c3ccccc3c1c1ccccc21
ext_903,1,N1C2C1c1c3ccccc3c3ccccc3c1-c1ccccc21
ext_905,1,OS(=O)(=O)OCc1oc(C=O)cc1
ext_906,1,OCCCCCl
ext_907,1,CC1CN1
ext_909,1,N1[C@@H]([C@@H]1c1ccccc1)c1ccccc1
ext_910,1,CN1CCN(CC1)c1ccc2nc(CCc3ccc4nc([nH]c4c3)c3ccc(cc3)N(CCCl)CCCl)[nH]c2c1
ext_911,1,CN1CCN(CC1)c1ccc2nc(CCCc3ccc4nc([nH]c4c3)c3ccc(cc3)N(CCCl)CCCl)[nH]c2c1
ext_912,1,OOC1CCCc2ccccc12
ext_913,1,O[C@@H]1[C@H]2O[C@H]2c2c(ccc3c2ccc2ccc(O)cc32)[C@H]1O
ext_915,1,OCc1ccc(cc1)[N+]#N
ext_916,1,O[C@H]1O[C@H](CN=[N+]=[N-])[C@@H](O)[C@H](O)[C@@H]1O
ext_917,1,O[C@H]1O[C@H](CN=[N+]=[N-])[C@@H](O)[C@@H](O)[C@@H]1O
ext_918,1,O[C@H]1O[C@H](CN=[N+]=[N-])[C@@H](O)[C@@H](O)[C@H]1O
ext_919,1,O[C@H]1O[C@@H](CN=[N+]=[N-])[C@@H](O)[C@H](O)[C@H]1O
ext_920,1,O[C@H]1O[C@H](CN=[N+]=[N-])[C@H](O)[C@H](O)[C@H]1O
ext_921,1,CN(Cc1cccc(Cl)c1)N=O
ext_922,1,CN(Cc1ccc(cc1)C#N)N=O
ext_923,1,COc1cccc2C(=O)c3c(O)c4CC(O)(CC(OC5CC(C(O)C(C)O5)N5CCOCC5C#N)c4c(O)c3C(=O)c12)C(=O)C
ext_926,1,[O-]S(=O)(=O)OCc1c2ccccc2c2ccc3cccc4ccc1c2c34
ext_927,1,CN(OC(=O)c1ccccc1)c1ccc(cc1)N=Nc1ccccc1
ext_928,1,CC(O)C(NC(=O)C(C)C(O)C(C)NC(=O)C(NC(=O)c1nc(nc(N)c1C)C(CC(=O)N)NCC(N)C(=O)N)C(OC1OC(CO)C(O)C(O)C1OC1OC(CO)C(O)C(OC(=O)N)C1O)c1[nH]cnc1)C(=O)NCCc1scc(n1)c1scc(n1)C(=O)NCCCNC(C)c1ccccc1
ext_929,1,CC(=O)OC1Cc2c3ccc4ccccc4c3cc3ccc(C)c1c23
ext_930,1,CC1CNC(=O)N1c1sc(cn1)[N+](=O)[O-]
ext_931,1,CCCCN(N=O)C(=O)OCC
ext_933,1,CC[C@@H](C)OS(=O)(=O)C
ext_934,1,CC[C@H](C)OS(=O)(=O)C
ext_941,1,COc1cc(O)c2c(=O)c3c(OC)cc4OC5OC=CC5c4c3oc2c1OC
ext_942,1,Cc1cc2ccccc2c2ccc3[C@@H](O)[C@H](O)[C@@H]4O[C@@H]4c3c12
ext_944,1,COC(=O)c1cc2c([nH]c3ccc(cc23)[N+](=O)[O-])c(n1)c1ccccc1
ext_946,1,[O-][N+](=O)c1sc(cc1)C1NC(=O)c2ccccc2N1
ext_947,1,CC(=O)[CH-]C(=O)C
ext_949,1,O[C@@H]1[C@@H](O)c2ccc3cc4c(ccc5ccccc45)nc3c2[C@H]2O[C@@H]12
ext_950,1,O[C@H]1[C@H](O)c2ccc3cc4c(ccc5ccccc45)nc3c2[C@@H]2O[C@H]12
ext_951,1,CC(=O)O[C@@H]1[C@@H](O)[C@H](OC(=O)/C=C\c2ccc(O)cc2)[C@@H](CO)O[C@H]1OC12CC(C)(C)C(=O)C1C(C)(O)C1(CC1)C(=C2)C
ext_952,1,O[C@H]1[C@H](O)c2ccc3cc4c(ccc5ccccc45)nc3c2[C@H]2O[C@@H]12
ext_955,1,Oc1c2ccc3cc4c([nH]c3c2c2c(O2)c1=O)ccc1ccccc41
ext_956,1,ClCC(=O)C(Cl)Cl
ext_957,1,Cc1ccc2nc3c4ccccc4c4Oc4c3c(C)c2c1
ext_958,1,CCCCN(C[C@@H](CO)Cc1ccccc1)N=O
ext_959,1,CCCCN(C[C@H](CO)OCc1ccccc1)N=O
ext_960,1,CC(=O)Nc1ccc(Oc2ccc(Cl)cc2)cc1
ext_961,1,CC(=O)Nc1ccc(Oc2ccc(Cl)cc2Cl)cc1
ext_962,1,CC(=O)N(O)c1ccc(Oc2c(Cl)cc(Cl)cc2Cl)cc1
ext_963,1,ON(C=O)c1ccc(Oc2ccccc2)cc1
ext_964,1,ON(C=O)c1ccc(Oc2ccc(Cl)cc2Cl)cc1
ext_965,1,ON(C=O)c1ccc(Oc2c(Cl)cc(Cl)cc2Cl)cc1
ext_966,1,C[C@@]12CCC=C(C=O)[C@@]1(C2)C=O
ext_967,1,C[C@]12CCC=C(C=O)[C@]1(C2)C=O
ext_968,1,C=CCCCCC1CO1
ext_969,1,CCOc1ccc(cc1)N(O)C(=O)CC(C)O
ext_970,1,Oc1ccc(cc1)/C=C/C(=O)c1ccc(O)cc1O
ext_971,1,CC/C=C\C=C/C=C\C=C/OCC(O)CO
ext_972,1,CCCCN(C[C@H](CO)Cc1ccccc1)N=O
ext_973,1,O=CNc1ccc(Oc2ccccc2)cc1
ext_976,1,OC1c2ccccc2-c2ccc(cc12)[N+](=O)[O-]
ext_977,1,O=CC1=CCCC2CC12C=O
ext_978,1,CC/C=C/C=C/C=C/C=C/C=C\OC[C@@H](O)CO
ext_979,1,C[Si](C)(C)CN=[N+]=[N-]
ext_980,1,C[C@@H](CN=[N+]=[N-])c1ccccc1
ext_981,1,OC[C@H](O)CN=[N+]=[N-]
ext_983,1,[O-][N+](=O)c1ccc(OC2CO2)cc1
ext_985,1,C1O[C@@H]1c1ccccc1
ext_988,1,COc1cc(ccc1[n+]1nc(nn1c1ccc(cc1)[N+](=O)[O-])c1ccccc1)c1ccc(c(OC)c1)[n+]1nc(nn1c1ccc(cc1)[N+](=O)[O-])c1ccccc1
ext_989,1,O[C@@H]1C=C2c3ccccc3-c3cccc([C@H]1O)c23
ext_990,1,O=C1C=C2c3ccccc3-c3cccc(C1=O)c23
ext_991,1,OC1C(O)c2cccc3-c4ccccc4[C@@]4(O[C@@H]14)c23
ext_993,1,CC1c2ccccc2-c2ccc(C)cc12
ext_994,1,c1ccc2c(c1)cnc1ccccc21
ext_995,1,Cc1ccc(cc1C)C(OC(=O)NC1CCCCC1)(C#C)c1ccccc1
ext_996,1,CCCCON(OC(=O)C)C(=O)c1cccc(c1)[N+](=O)[O-]
ext_997,1,NC(=O)N(Cc1ccccc1)N=O
ext_999,1,O1C2C=Cc3cccnc3C12
ext_1003,1,Cc1ccc(cc1)S(=O)(=O)OCC#C
ext_1004,1,CCCCOS(=O)(=O)c1ccc(C)cc1
ext_1005,1,CCCOS(=O)(=O)c1ccc(C)cc1
ext_1006,1,COS(=O)(=O)c1ccc(C)cc1
ext_1007,1,CCCCOS(=O)(=O)c1ccccc1
ext_1008,1,COS(=O)(=O)c1ccccc1
ext_1009,1,CCCOS(=O)(=O)c1ccccc1
ext_1010,1,CO[C@H](C)[C@@](O)(C(C)C)C(=O)OCC1=CCN2CC[C@H](O)[C@@H]12
ext_1011,1,C/C=C/1\CC(C)C(C)(OC(=O)C)C(=O)OCC2=C3C(CC[N+]3(C)C=C2)OC1=O
ext_1012,1,O=CC1CO1
ext_1013,1,CCCCN=[N+]=[N-]
ext_1014,1,CCCCCCN=[N+]=[N-]
ext_1015,1,O[C@@H]1[C@@H](O)c2ccc3cc4ccc5ccccc5c4nc3c2[C@H]2O[C@@H]12
ext_1016,1,O[C@H]1[C@H](O)c2ccc3cc4ccc5ccccc5c4nc3c2[C@@H]2O[C@H]12
ext_1017,1,O[C@@H]1[C@@H](O)c2ccc3cc4ccc5ccccc5c4nc3c2[C@@H]2O[C@H]12
ext_1018,1,[O-][N+](=O)c1ccc(cc1)C(=O)N=c1sn(C(=O)c2ccc(cc2)[N+](=O)[O-])c2ccccc12
ext_1019,1,Cc1ccc2n(sc(=NC(=O)c3cccc(c3)[N+](=O)[O-])c2c1)C(=O)c1cccc(c1)[N+](=O)[O-]
ext_1020,1,Cc1ccc2n(sc(=NC(=O)c3ccc(cc3)[N+](=O)[O-])c2c1)C(=O)c1ccc(cc1)[N+](=O)[O-]
ext_1021,1,ClCCCC(=O)N=c1sn(C(=O)CCCCl)c2ccc(Cl)cc12
ext_1022,1,[O-][N+](=O)c1ccc(cc1)C(=O)N=c1sn(C(=O)c2ccc(cc2)[N+](=O)[O-])c2ccc(Cl)cc12
ext_1023,1,O[C@H]1C=Cc2c(ccc3cc4c(ccc5ccccc45)cc23)[C@@H]1O
ext_1024,1,O[C@@H]1[C@@H](O)c2cc3c(ccc4ccccc34)cc2-c2ccccc12
ext_1025,1,Cc1ccc(NC2OC[C@@H](O)[C@@H](O)[C@@H]2O)cc1
ext_1026,1,O[C@@H]1COC([C@H](O)[C@H]1O)N(N=O)c1ccc(cc1)[N+](=O)[O-]
ext_1027,1,O[C@@H]1COC([C@@H](O)[C@H]1O)N(N=O)c1ccc(cc1)[N+](=O)[O-]
ext_1028,1,O[C@H]1COC([C@H](O)[C@H]1O)N(N=O)c1ccc(cc1)[N+](=O)[O-]
ext_1029,1,COc1ccccc1/C=C/C=C(/C#N)\c1ccc(Br)cc1
ext_1030,1,OC1C=Cc2cc3-c4cccc5cccc(-c3cc2C1O)c45
ext_1031,1,CC1(CO1)c1ccc(cc1)[N+](=O)[O-]
ext_1032,1,CC[NH2+]C(=O)N(CCN(C)C)N=O
ext_1036,1,CCC(C)OC(=O)/C=C/c1oc(cc1)[N+](=O)[O-]
ext_1037,1,CCC(C)NC(=O)/C=C/c1oc(cc1)[N+](=O)[O-]
ext_1039,1,C[C@@H](Br)C(=O)NCc1ccccc1
ext_1040,1,C[C@H](Br)C(=O)NCc1ccccc1
ext_1041,1,Cc1cccc2cc3-c4ccccc4-c4cccc(c12)c34
ext_1042,1,Oc1c2ccc3ccc[nH]c3c2c2c(O2)c1=O
ext_1043,1,COC(=O)[C@H]1O[C@@H]1c1ccccc1
ext_1044,1,COC(=O)[C@@H]1O[C@H]1c1ccccc1
ext_1049,1,C1OC1COc1ccc2sncc2c1
ext_1050,1,C(OCc1ccccc1)[C@H]1CO1
ext_1051,1,C1O[C@H]1COc1cccc2ccccc12
ext_1052,1,C1O[C@@H]1COc1cccc2ccccc12
ext_1053,1,[O-][N+](=O)c1cccc(c1)S(=O)(=O)OC[C@@H]1CO1
ext_1054,1,[O-][N+](=O)c1ccc(cc1)C(=O)OC[C@@H]1CO1
ext_1056,1,[O-][N+](=O)c1ccc(OC[C@@H]2CO2)cc1
ext_1057,1,Cc1cc2[C@H](O)[C@@H](O)[C@H]3O[C@H]3c2c2ccc3ccccc3c12
ext_1058,1,Cc1cc2ccccc2c2ccc3[C@H](O)[C@@H](O)[C@H]4O[C@H]4c3c12
ext_1059,1,N[C@@H](CSC(F)(F)C(F)Br)C(=O)O
ext_1060,1,Cn1cc(C(=O)[O-])c(=O)c2ccc(/C=C/c3oc(cc3)[N+](=O)[O-])nc12
ext_1063,1,COC(=O)[C@H]1CS[C@@H]2N1C(=O)C(=C2Cl)Cl
ext_1065,1,ClC[C@@H](Br)CBr
ext_1068,1,CCCC(Cl)C(=O)S
ext_1070,1,Nc1c2cc(ccc2nc2ccc(cc12)[N+](=O)[O-])[N+](=O)[O-]
ext_1071,1,Oc1ccc2cc3c4ccccc4c4ccccc4c3cc2c1O
ext_1074,1,O[C@H](CN=[N+]=[N-])[C@@H](O)[C@H](O)[C@@H](O)C=O
ext_1075,1,CN(CCCC(=O)O)N=O
ext_1077,1,COCc1ccc(cc1)[N+]#N
ext_1078,1,OC(=O)c1ccc(cc1)[N+]#N
ext_1079,1,Cc1cc2ccccc2c2ccc3[C@H](O)[C@H](O)[C@@H]4O[C@@H]4c3c12
ext_1080,1,O[C@@H](CN=[N+]=[N-])c1ccccc1
ext_1081,1,OC[C@H](CN=[N+]=[N-])Cc1ccccc1
ext_1082,1,COC(=O)[C@@H](C)CN=[N+]=[N-]
ext_1083,1,OC[C@H](O)[C@H](N=[N+]=[N-])c1ccccc1
ext_1087,1,[O-]CCCN=N
ext_1089,1,CC(=O)NSc1c2cc(O)ccc2nc2ccc(O)cc12
ext_1090,1,O[C@@H]1C=Cc2c(ccc3cc4c(ccc5ccccc45)cc23)[C@H]1O
ext_1091,1,CCN(CC)N([O-])N=O
ext_1092,1,Cc1c(C(=O)O)c(O)cc2C(=O)c3c(O)c(O)c(C4OC(CO)C(O)C(O)C4O)c(O)c3C(=O)c12
ext_1093,1,NC(CSSCC(N)C(=O)O)C(=O)O
ext_1094,1,OC(=O)C1CCCN1
ext_1095,1,CC(O)C(N)C(=O)O
ext_1096,1,CCCCNCCCNCCCNC(=O)c1csc(n1)c1csc(CCNC(=O)C(NC(=O)C(C)C(O)C(C)NC(=O)C(NC(=O)c2nc(nc(N)c2C)C(CC(=O)N)NCC(N)C(=O)N)C(OC2OC(CO)C(O)C(O)C2OC2OC(CO)C(O)C(OC(=O)N)C2O)c2[nH]cnc2)C(C)O)n1
ext_1097,1,ClC(Cl)C1=C(Cl)C(=O)NC1=O
ext_1098,1,ClCC1=C(Cl)C(=O)NC1=O
ext_1099,1,ClC1=C(CBr)C(=O)NC1=O
ext_1104,1,Nc1cc(N)c(cc1N=Nc1ccc(cc1)c1ccc(N/N=C/2\C=CC(=O)C(=C2)C(=O)[O-])cc1)N=Nc1ccc(cc1S(=O)(=O)[O-])S(=O)(=O)[O-]
ext_1107,1,CCOC(=O)NO
ext_1108,1,CN=NNc1ccc(cc1)C(=O)[O-]
ext_1109,0,CC(=NO)C
ext_1110,1,[NH3+]c1ccc(cc1)c1ccccc1
ext_1112,1,Cc1nc(N)cc2[nH]c3ccccc3c12
ext_1113,0,Clc1ccccc1c1ccccc1
ext_1117,0,[nH]1c2ccccc2c2ccccc12
ext_1118,0,CCCC(Cl)CCCC(Cl)CCC(Cl)CCC(Cl)CCC(Cl)CCCC(Cl)CCC
ext_1122,1,CCCCNC(=O)N(CCCC)N=O
ext_1123,1,CC(Cl)CCl
ext_1126,0,CC(C)n1c2ccccc2c(c2ccc(F)cc2)c1/C=C/[C@@H](O)C[C@H](O)CC(=O)O
ext_1128,0,OCN(CO)c1nc(nc(n1)N(CO)CO)N(CO)CO
ext_1129,0,CC1(C)C(=O)Nc2ccc(cc12)C1=NNC(=O)CC1
ext_1130,0,COc1cc(ccc1c1[nH]c2cnccc2n1)S(=O)C
ext_1133,1,Nc1ccc(Cc2ccc([NH3+])c(Cl)c2)cc1Cl
ext_1134,0,CC(C)(Oc1ccc(cc1)C1CCCc2ccccc12)C(=O)O
ext_1135,1,CC(O)CN(CC(O)CO)N=O
ext_1138,0,Brc1cc(Br)c(cc1Br)c1cc(Br)c(Br)cc1Br
ext_1139,0,[O-]S1(=NC(=O)c2ccccc12)=O
ext_1140,1,O=C1C=C(N2CC2)C(=O)C(=C1N1CC1)N1CC1
ext_1141,1,Cc1cc(C)c([NH3+])cc1C
ext_1142,1,NC(=O)OC=C
ext_1146,0,Clc1nc(Cl)nc(Nc2ccccc2Cl)n1
ext_1149,0,CCCCNC(=O)N
ext_1150,1,[O-]S(=O)(=O)c1ccc(N/N=C/2\C=C(c3ccccc3C2=O)S(=O)(=O)[O-])c2ccccc12
ext_1151,0,COc1ccc2C[C@@H]3[C@@H]4C=C[C@H](O)[C@@H]5Oc1c2[C@]45CCN3C
ext_1153,0,[NH3+]C1CCCCC1
ext_1154,0,O[C@H](C[O-])[C@H]1OC(=C(O)C1=O)O
ext_1156,0,CC(C)OC(=O)Nc1cccc(Cl)c1
ext_1158,0,COc1ccc2nc([nH]c2c1)S(=O)Cc1ncc(C)c(OC)c1C
ext_1159,0,CNC(=O)O/N=C(\SC)/C(=O)N(C)C
ext_1165,0,OCCC(F)(F)C(F)(F)C(F)(F)C(F)(F)C(F)(F)C(F)(F)C(F)(F)C(F)(F)C(F)(F)C(F)(F)F
ext_1167,0,OCC1CCC(CO)CC1
ext_1168,1,[O-]S(=O)(=O)c1cccc2C(=O)C(=[N+]=[N-])C=Cc12
ext_1169,0,CCCC=C
ext_1170,1,C/C(=C/C=O)/C=C/C=C(\C)/C=C/C1=C(C)CCCC1(C)C
ext_1171,0,O=C(Nc1ccccc1SSc1ccccc1NC(=O)c1ccccc1)c1ccccc1
ext_1172,1,Cc1cn([C@@H]2O[C@H](CO)C=C2)c(=O)[nH]c1=O
ext_1173,0,Brc1cc(Br)c(Oc2cc(Br)c(Br)cc2Br)cc1Br
ext_1175,0,Brc1ccc(Oc2ccc(Br)cc2Br)c(Br)c1
ext_1176,0,C(CN1CCOCC1)OCCN1CCOCC1
ext_1178,1,CC1CNCC(C)O1
ext_1179,0,CC(=O)c1sccn1
ext_1180,1,[NH3+]C1=NCCS1
ext_1182,0,CCC(C)O
ext_1183,1,OC/C=C\CO
ext_1184,0,CCCCC(CC)COC(=O)c1ccc(cc1)N(C)C
ext_1186,0,CCC(CO)(CO)[N+](=O)[O-]
ext_1187,0,CC(CO)(CO)[N+](=O)[O-]
ext_1188,0,CN(C)CCCNC(=O)C(=C)C
ext_1189,0,CC1CCCCC1CO
ext_1190,1,CC(=O)c1cc(C)oc1C
ext_1191,0,Brc1cccc(C=O)c1
ext_1192,1,ClCCC#N
ext_1193,0,CCc1cccc(N)c1
ext_1194,1,CC(=O)CC(=O)N
ext_1195,0,Nc1nc(=O)n(cc1)[C@@H]1CS[C@H](CO)O1
ext_1196,0,[NH3+]CCCOCCOCCOCCC[NH3+]
ext_1197,0,CCc1ccc(N)cc1
ext_1198,0,CC1CCC(CO)CC1
ext_1199,0,Cc1cscn1
ext_1200,0,C=CCCC#N
ext_1201,0,O=c1cc(oc2ccc3ccccc3c12)c1ccccc1
ext_1202,1,Nc1nc(=S)c2[nH]cnc2[nH]1
ext_1203,0,C/C(=C/C(=O)O)/C=C/C1(O)C(=CC(=O)CC1(C)C)C
ext_1204,1,CCOC(C)OCC
ext_1205,0,CC(=O)OC(CC(=O)[O-])C[N+](C)(C)C
ext_1206,1,C/C(=C\C=C\C=C(/C)\C=C\C=C(\C)/C=C/C(=O)O)/C=C/C=C(\C)/C=C/C(=O)O
ext_1207,0,OCC1OC(Oc2ccc(O)cc2)C(O)C(O)C1O
ext_1208,0,COC(=O)C(Cc1ccccc1)NC(=O)C(N)CC(=O)O
ext_1210,0,Oc1ccc(cc1)C(c1ccc(O)cc1)(C(F)(F)F)C(F)(F)F
ext_1212,0,CCCCN1CCCCC1C(=O)Nc1c(C)cccc1C
ext_1213,1,Nc1ccc2C=C(/C(=N\Nc3ccc4C=C(/C(=N\Nc5ccc(cc5)N=Nc5ccc(N)c6ccc(cc56)S(=O)(=O)[O-])/C(=O)c4c3)S(=O)(=O)[O-])/C(=O)c2c1)S(=O)(=O)[O-]
ext_1214,1,[O-]C(=O)c1cc(ccc1[O-])N=Nc1ccc(cc1)c1ccc(N/N=C\2/C(=O)C=C/C(=N\Nc3cc(ccc3[O-])S(=O)(=O)[O-])/C2=O)cc1
ext_1218,0,CO/N=C(/C(=O)N[C@H]1[C@H]2SCC(=C(N2C1=O)C(=O)O)COC(=O)N)\c1occc1
ext_1219,0,NC(=NC(=NCCCCCCN=C(N)N=C(N)Nc1ccc(Cl)cc1)N)Nc1ccc(Cl)cc1
ext_1221,0,CC[C@H]1OC(=O)[C@H](C)[C@@H](O[C@H]2C[C@@](C)(OC)[C@@H](O)[C@H](C)O2)[C@H](C)[C@@H](O[C@@H]2O[C@H](C)C[C@@H]([C@H]2O)N(C)C)[C@@](C)(C[C@@H](C)C(=O)[C@H](C)[C@@H](O)[C@]1(C)O)OC
ext_1224,1,Oc1c(Br)cc2c(Oc3c(Br)c(O)c(Br)cc3C32OC(=O)c2c(Cl)c(Cl)c(Cl)c(Cl)c32)c1Br
ext_1225,1,[O-]c1c(Br)cc2c(Oc3c(Br)c([O-])c(Br)cc3C32OC(=O)c2c(Cl)c(Cl)c(Cl)c(Cl)c32)c1Br
ext_1227,0,CCN(CC)C=O
ext_1228,0,CC1CC[C@@]2(OC1)O[C@H]1[C@@H](O)[C@H]3[C@@H]4CC[C@H]5C[C@@H](O[C@@H]6O[C@H](CO)[C@H](O[C@@H]7O[C@H](CO)[C@@H](O)[C@H](O[C@@H]8OC[C@@H](O)[C@H](O)[C@H]8O)[C@H]7O[C@@H]7O[C@H](CO)[C@H](O)[C@H](O[C@@H]8O[C@H](CO)[C@@H](O)[C@H](O)[C@H]8O)[C@H]7O)[C@H](O)[C@H]6O)[C@H](O)C[C@]5(C)[C@H]4CC[C@]3(C)[C@H]1[C@@H]2C
ext_1230,0,CC(O)CN(C)C
ext_1231,1,COC(=O)C1CCC(CC1)C(=O)OC
ext_1233,1,OCN1C(O)C(O)N(CO)C1=O
ext_1236,0,CC(CCC(=O)O)(c1ccc(O)cc1)c1ccc(O)cc1
ext_1237,0,CC(COc1ccccc1)OCCCO
ext_1239,0,FC(F)(F)[C@]1(OC(=O)Nc2ccc(Cl)cc12)C#CC1CC1
ext_1240,0,Nc1nc(=O)n(cc1F)[C@@H]1CS[C@H](CO)O1
ext_1241,0,Oc1ccc(cc1)[C@H]1COc2cc(O)ccc2C1
ext_1242,0,CC1CC2=C(CC1(C)C(=O)C)C(C)(C)CCC2
ext_1243,0,CCOC=O
ext_1244,0,CCOC(=O)CC
ext_1245,0,CCCCC(=O)OCC
ext_1246,1,C=CC(=O)NCCNC(=O)C=C
ext_1247,0,OCCC(F)(F)C(F)(F)C(F)(F)C(F)(F)C(F)(F)C(F)(F)C(F)(F)C(F)(F)F
ext_1248,1,Oc1ccc(cc1)c1coc2cc(O)cc(O)c2c1=O
ext_1249,0,OCC1OC(=O)C(O)C(O)C1O
ext_1250,0,O=C1NC2NC(=O)NC2N1
ext_1251,0,CN(C)c1nc(=O)n(C2CCCCC2)c(=O)n1C
ext_1252,0,CCCCCCN
ext_1253,0,CN1C[C@@H](CC2[C@H]1Cc1c[nH]c3cccc2c13)C(=O)N[C@]1(C)O[C@@]2(O)[C@@H]3CCCN3C(=O)[C@H](Cc3ccccc3)N2C1=O
ext_1255,1,OCN1C(NC(=O)NCNC(=O)NC2N(CO)C(=O)NC2=O)C(=O)NC1=O
ext_1258,1,OCc1c[nH]c2ccccc12
ext_1259,0,CCCCn1cc[n+](C)c1
ext_1260,0,CCn1cc[n+](C)c1
ext_1261,0,CCCC[n+]1ccccc1
ext_1262,0,CC(C)CCCC(C)CCCC(C)CCCC(C)(O)C=C
ext_1264,0,CN[C@@H](C)[C@H](O)c1ccccc1
ext_1266,0,CC(=CCCC(C)(O)C=C)C
ext_1268,0,NC(=O)CC(=O)N
ext_1269,0,CCCCCCCC/C=C\CCCCCCCC(=O)OC1COC2C(O)COC12
ext_1271,0,COC(=O)C1CCC(C)CC1
ext_1272,1,CC(=O)/C=C/c1ccccc1
ext_1273,0,C[Si]12OCCN(CCO1)CCO2
ext_1275,0,CN(C)C(=O)CC(=O)C
ext_1276,0,CCCCNS(=O)(=O)c1ccccc1
ext_1277,0,CCNC(=O)CC(=O)C
ext_1278,0,Cc1ccnc2N(C3CC3)c3ncccc3C(=O)Nc12
ext_1281,1,C/C(=C\C=C\C=C(/C)\C=C\C=C(/C)\C=C\C(=O)O)/C=C/C=C(\C)/C=C/C(=O)O
ext_1282,0,COc1ccc(c(OC(C)C)c1)C1=NC(C(N1C(=O)N1CCNC(=O)C1)c1ccc(Cl)cc1)c1ccc(Cl)cc1
ext_1283,0,CCCCCCCC/C=C/CCCCCCCC(=O)N(CCO)CCO
ext_1284,1,CC1OC(C)OC(C)O1
ext_1285,0,CCCCCCCCC(=O)O
ext_1287,0,OC(=O)C(F)(F)C(F)(F)C(F)(F)C(F)(F)C(F)(F)C(F)(F)C(F)(F)C(F)(F)C(F)(F)C(F)(F)C(F)(F)F
ext_1288,0,OC(=O)C(F)(F)C(F)(F)C(F)(F)C(F)(F)C(F)(F)F
ext_1289,0,OC(=O)C(F)(F)C(F)(F)C(F)(F)C(F)(F)C(F)(F)C(F)(F)C(F)(F)C(F)(F)F
ext_1290,0,OS(=O)(=O)C(F)(F)C(F)(F)C(F)(F)C(F)(F)C(F)(F)C(F)(F)C(F)(F)C(F)(F)F
ext_1291,1,Nc1ccc(N=Nc2ccccc2)c(N)n1
ext_1292,0,O[C@@H]1[C@@H](O)[C@@H](O[C@@H]([C@H]1O)C(=O)[O-])Oc1ccc(cc1)C1(OC(=O)c2ccccc12)c1ccc(O)cc1
ext_1297,0,CCCCCCCC/C=C\CCCCCCCC(=O)[O-]
ext_1298,0,CCCNC(C)C(=O)Nc1ccccc1C
ext_1299,0,CC(O)COc1ccccc1
ext_1300,0,CC1(OC(=O)N(C1=O)c1cc(Cl)cc(Cl)c1)C=C
ext_1301,0,Oc1ccc(cc1)/C=C/c1cc(O)cc(O)c1
ext_1302,0,C[S+](CC[C@H](N)C(=O)[O-])C[C@H]1O[C@H]([C@H](O)[C@@H]1O)n1cnc2c(N)ncnc12
ext_1303,0,OC[C@H]1O[C@@H](Oc2cccc3[C@@H]([C@@H]4c5cccc(O[C@@H]6O[C@H](CO)[C@@H](O)[C@H](O)[C@H]6O)c5C(=O)c5c(O)cc(cc45)C(=O)O)c4cc(cc(O)c4C(=O)c23)C(=O)O)[C@H](O)[C@@H](O)[C@@H]1O
ext_1304,0,OC[C@H]1O[C@@H](Oc2cccc3[C@@H]([C@H]4c5cccc(O[C@@H]6O[C@H](CO)[C@@H](O)[C@H](O)[C@H]6O)c5C(=O)c5c(O)cc(cc45)C(=O)O)c4cc(cc(O)c4C(=O)c23)C(=O)O)[C@H](O)[C@@H](O)[C@@H]1O
ext_1305,0,COc1cc(ccc1O)C1Oc2cc(ccc2OC1CO)C1Oc2cc(O)cc(O)c2C(=O)C1O
ext_1306,1,COc1cc(ccc1O)[C@@H]1Oc2cc(ccc2O[C@H]1CO)[C@H]1Oc2cc(O)cc(O)c2C(=O)[C@@H]1O
ext_1309,1,[S-]c1sc2ccccc2n1
ext_1312,1,CCN(CC)c1ccc(cc1)[C+](c1ccc(cc1)N(CC)CC)c1ccc(cc1S(=O)(=O)[O-])S(=O)(=O)[O-]
ext_1314,0,Cc1c(O)c(Br)c(Br)c(Br)c1Br
ext_1315,0,CC(C)(c1cc(Br)c(OCC(Br)CBr)c(Br)c1)c1cc(Br)c(OCC(Br)CBr)c(Br)c1
ext_1317,1,CCC[N+](CCC)(CCC)CCC
ext_1318,0,OC(=O)CSCC(=O)O
ext_1321,0,CCC(O)OCC(C)OC(O)CC
ext_1322,0,Clc1ccc(cc1)C(c1ccc(Cl)cc1)c1ccc(Cl)cc1
ext_1323,0,OC(c1ccc(Cl)cc1)(c1ccc(Cl)cc1)c1ccc(Cl)cc1
ext_1326,0,CC[C@@]12CCCN3CCc4c5ccccc5n(c4[C@H]13)[C@](O)(C2)C(=O)OC
ext_1327,0,CCOC(=O)C1=C[C@]2(CC)CCCN3CCc4c5ccccc5n1c4[C@H]23
ext_1328,0,CCCCCCCCCCCCCC(=O)[O-]
ext_1329,0,NCCC(=O)O
ext_1330,1,ClCCOCOCCCl
ext_1331,1,O=Cc1ccccc1C=O
ext_1332,0,Cc1ccc(cc1)S(=O)(=O)N
ext_1333,0,CC(C)(Oc1ccc(cc1)C1CC1(Cl)Cl)C(=O)O
ext_1337,1,Cc1ccc(CCC2CO2)cc1
ext_1338,1,Clc1ccc(CCC2CO2)cc1
ext_1339,1,C(Cc1ccc(cc1)c1ccccc1)C1CO1
ext_1351,0,Cc1ccccc1C1=C(O1)C(=O)[O-]
ext_1352,0,CC1(C)CCC[C@]2(C)[C@@H]1CC=C(C=O)[C@H]2C=O
ext_1353,0,Cc1cc2[C@@H](O)[C@H](O)[C@@H]3O[C@@H]3c2c2ccc3ccccc3c12
ext_1354,0,Cc1cc2c(ccc3[C@@H](O)[C@H](O)[C@@H]4O[C@@H]4c23)c2ccccc12
ext_1355,0,Cc1cc2ccccc2c2ccc3[C@@H]4O[C@@H]4[C@H](O)[C@@H](O)c3c12
ext_1357,0,N[C@@H](CCC(=O)N[C@@H](CSc1ccc(cc1[N+](=O)[O-])[N+](=O)[O-])C(=O)NCC(=O)O)C(=O)O
ext_1358,1,CC1CCCCN1CCCNCC(=O)Nc1n(C)nc(C)c1C(=O)c1ccccc1F
ext_1359,1,CCN(CC)CC(=O)Nc1n(C)nc(C)c1C(=O)c1ccccc1F
ext_1360,0,C/C=C/C=C/C(=O)[O-]
ext_1361,0,CCC(=O)[O-]
ext_1362,0,OC1COC(O)C(O)C1O
ext_1364,0,CC(C)(O)CC(O)C(=O)NCCC(=O)[O-]
ext_1366,1,C1OC1Cc1ccc(Cc2ccccc2)cc1
ext_1367,0,Cc1cc2c(ccc3C(O)C(O)[C@@H]4O[C@H]4c23)c2ccccc12
ext_1368,1,C[C@H](CCC(=O)O)[C@H]1CC[C@H]2[C@@H]3[C@H](O)C[C@@H]4C[C@H](O)CC[C@]4(C)[C@H]3CC[C@]12C
ext_1369,0,Cc1ccc(cc1)S(=O)(=O)Oc1ccc(cc1)N=Nc1ccc(c(C)c1)c1ccc(N/N=C/2\C(=O)c3ccc(cc3C=C2S(=O)(=O)[O-])S(=O)(=O)[O-])cc1C
ext_1370,0,Oc1cc2ccc3cccc4cc5-c6ccccc6-c1c5c2c34
ext_1371,1,CCOc1ccc(NC(=O)CC(C)O)cc1
ext_1372,0,CC1(C)C[C@H]2[C@H](O)[C@@]3(C)C[C@@]3(C=O)C(=C2C1)C=O
ext_1373,0,CC(=O)O[C@H]1[C@@H]2CC(C)(C)CC2=C(C=O)[C@@]2(C[C@]12C)C=O
ext_1375,0,CCC(C)[N+](=O)[O-]
ext_1376,0,O=Cc1c2ccccc2cc2ccccc12
ext_1377,1,CC(=C[C@@H]1[C@@H](C(=O)OCN2C(=O)C3=C(CCCC3)C2=O)C1(C)C)C
ext_1378,0,Oc1cc2ccccc2c2cc3c(ccc4ccccc34)nc12
ext_1382,0,CC(O)C(=O)O[Al](OC(=O)C(C)O)OC(=O)C(C)O
ext_1386,0,CC(=O)O[C@@H]1COC(Nc2ccc(cc2)[N+](=O)[O-])[C@H](OC(=O)C)[C@H]1OC(=O)C
ext_1387,0,O=C1NC(=O)C2CC=CCC12
ext_1388,0,OC[C@@H](O)[C@@H](O)[C@H](O)[C@@H](O)C(=O)[O-]
ext_1390,0,CC(=O)CC(O)(CC(=O)O)C(=O)O
ext_1392,0,OC(=O)CN(CCN(CC(=O)O)CC(=O)[O-])CC(=O)[O-]
ext_1399,0,CC(O)C(=O)[O-]
ext_1400,0,OC(=O)C(O)(CC(=O)[O-])CC(=O)[O-]
ext_1403,1,COc1ccc(Cc2cnc(N)nc2N)cc1OC
ext_1405,1,CCC(O)/C=C\C=C/C=C\C=C/C=O
ext_1407,0,C[C@H](CCC(=O)O)[C@H]1CC[C@H]2[C@@H]3CC[C@@H]4C[C@H](O)CC[C@]4(C)[C@H]3CC(=O)[C@]12C
ext_1408,0,C[C@H](CCC(=O)O)[C@H]1CC[C@H]2[C@@H]3CC[C@@H]4C[C@H](O)CC[C@]4(C)[C@H]3C[C@@H](O)[C@]12C
ext_1409,0,C[C@H](CCC(=O)O)[C@H]1CC[C@H]2[C@@H]3CC[C@@H]4C[C@@H](O)CC[C@]4(C)[C@H]3C[C@H](O)[C@]12C
ext_1410,0,C[C@H](CCC(=O)O)[C@H]1CC[C@H]2[C@@H]3CC[C@@H]4CC(=O)CC[C@]4(C)[C@H]3C[C@@H](O)[C@]12C
ext_1412,0,C/C=C\1/C[C@@H](C)[C@](O)(CO)C(=O)OCC2=CC[N+]3([O-])CC[C@@H](OC1=O)[C@@H]23
ext_1413,0,O1[C@H]2C3OC3c3ncccc3[C@H]12
ext_1414,1,CN(CS(=O)(=O)[O-])c1c(C)n(C)n(c1=O)c1ccccc1
ext_1415,0,CCCCCCC(O)C1C(O)C2=C(CC(CC3=C1C(=O)OC3=O)C(O)C1CC=CC(=O)O1)C(=O)OC2=O
ext_1416,0,OC1OCC=C2OC(=O)C=C12
ext_1419,0,OC(=O)c1ccccc1c1c2cc3CCCN4CCCc(c2[o+]c2c5CCCN6CCCc(cc12)c56)c34
ext_1420,0,CC1=C(C)C2(C(=C(C)C1=O)C)c1cc([O-])ccc1N=C1C=CC(=O)C=C21
ext_1421,1,COC(=O)C12OC1(C)C(C)(O)OC2=O
ext_1422,1,CCC12OC1(C(=O)OC)C(=O)OC2C
ext_1423,1,COC(=O)C12OC1(C)C(C)(O)NC2=O
ext_1424,1,CCC12OC1(C(=O)NC2(C)O)C(=O)OC
ext_1425,1,NC(=O)C1(OC1C(=O)c1ccccc1)C(=O)N
ext_1426,1,COC(=O)C1(OC1(C)C(O)C(C)C)C(=O)N
ext_1427,0,Cc1ccc2n(sc(=NC(=O)CCCl)c2c1)C(=O)CCCl
ext_1428,0,Cc1ccc2n(sc(=NC(=O)CCCCl)c2c1)C(=O)CCCCl
ext_1429,0,Cc1ccc2n(sc(=NC(=O)c3ccccc3[N+](=O)[O-])c2c1)C(=O)c1ccccc1[N+](=O)[O-]
ext_1430,0,ClCCC(=O)N=c1sn(C(=O)CCCl)c2ccc(Cl)cc12
ext_1439,0,COc1cccc2C(=O)c3c(O)c4C[C@](O)(CC(O[C@H]5C[C@@H]([C@H](O)[C@H](C)O5)N(C)C)c4c(O)c3C(=O)c12)C(=O)CO
ext_1440,0,COc1cccc2C(=O)c3c(O)c4CC(O)(CC(OC5CC(C(O)C(C)O5)N5CCOCC5C#N)c4c(O)c3C(=O)c12)C(=O)CO
ext_1444,0,O[C@H]1C=Cc2ccc3cc4c(ccc5ccccc45)cc3c2[C@@H]1O
ext_1445,0,CCc1c(c2=CC3=NC(=CC4=NC(=C(C5=NC(=C(C5=C([O-])[O-])C)C=c1[n-]2)CC(=O)[O-])C(C4C)CCC(=O)[O-])C(=C3C=C)C)C
ext_1446,0,CC(=C[C@@H]1[C@H](C(=O)OCc2oc(Cc3ccccc3)cc2)C1(C)C)C
ext_1448,0,C1CCC(CC1)C(CC1CCCCN1)C1CCCCC1
ext_1450,1,CC(=O)ON(C(=O)C)c1ccc(Oc2ccccc2)cc1
ext_1458,1,C[C@@]12CCC[C@](C)([C@H]1CC[C@]13CC(=C)[C@](CC[C@@H]21)(C3)O[C@@H]1O[C@H](CO)[C@@H](O)[C@H](O)[C@H]1O[C@@H]1O[C@H](CO)[C@@H](O)[C@H](O)[C@H]1O)C(=O)O[C@@H]1O[C@H](CO)[C@@H](O)[C@H](O)[C@H]1O
ext_1465,0,COC(=O)c1[nH]c2c(ccc3ccc[n+](C)c23)c1
ext_1477,0,COc1cccc2c1cc(c1c(cc3OCOc3c21)C(=O)[O-])[N+](=O)[O-]
ext_1478,0,CC1(C)C2CCC1(C)[C@@H](O)C2
ext_1479,0,OC(=O)CC(O)(CC(=O)[O-])C(=O)O
ext_1481,0,OC(CC(=O)[O-])(CC(=O)[O-])C(=O)[O-]
ext_1482,0,OC[C@H](O)C1OC(=O)[C-](O)C1=O
ext_1485,1,ClCC(Cl)CBr
ext_1486,1,CC(Br)CBr
ext_1487,0,CCC[C@H]1O[C@@H]1c1ccccc1
ext_1488,0,OC(=O)CCC(=O)[O-]
ext_1489,1,Cc1cc2C(=O)CCc2c2ccc3c(O)c(O)ccc3c12
ext_1493,0,[O-]C(=O)COc1ccccc1
ext_1494,1,CC(O)c1ccc2ccc3cccc4ccc1c2c34
ext_1495,1,OC1Cc2cc3cccc4ccc5ccc1c2c5c34
ext_1496,1,CC(O)c1cc2ccc3cccc4ccc(c1)c2c34
ext_1497,0,OC1c2cccc3ccc4cccc1c4c23
ext_1498,0,NC(CCC(=O)O)C(=O)O
ext_1499,0,C(=C\C(=O)[O-])/C(=O)O
ext_1501,0,C(C(C(=O)[O-])O)(C(=O)[O-])O
ext_1505,0,[O-]C(=O)[O-]
ext_1507,0,C(C(C(=O)[O-])O)(C(=O)O)O
ext_1511,0,COC(=O)[C@H](C)Cl
ext_1512,0,C1C[C@H]2CCc3ccccc3[C@]32O[C@H]3C1
ext_1513,0,C1CCC2C(C1)[C@@H]1O[C@H]1c1ccccc21
ext_1514,0,Brc1ccc2[C@H]3CCCC[C@@H]3[C@H]3O[C@H]3c2c1
ext_1515,0,COc1ccc2[C@@H]3O[C@@H]3[C@H]3CCCC[C@@H]3c2c1
ext_1519,1,CC1(CC(=O)c2ccccc2C1=O)S(=O)(=O)O
ext_1520,0,[O-]c1c(Cl)cc(Cl)cc1[N+](=O)[O-]
ext_1523,0,C(Oc1cccc2cccnc12)c1ccccc1
ext_1524,0,COc1cccc2cccnc12
ext_1526,0,Oc1ccc(Oc2c(Cl)cc(Cl)cc2Cl)cc1
ext_1527,0,OC1CC23OC2(C1)C=CC=C3
ext_1529,1,O=C=Nc1ccc(Cc2ccccc2N=C=O)cc1
ext_1531,0,Clc1ccc2Sc3ccccc3N(CCCN3C(=O)c4ccccc4C3=O)c2c1
ext_1532,1,NC(CCC(=O)NNc1ccccc1)C(=O)O
ext_1534,0,ClCC(Cl)C=C
ext_1535,1,N[C@@H](CCCN=C(N)N)C(=O)O
ext_1536,0,CC1=C(Cl)C(=O)NC1=O
ext_1537,0,Cc1c[nH]c2ccccc12
ext_1538,0,CC(C)CCC[C@@H](C)[C@H]1CC[C@H]2[C@H]3[C@H](CC[C@]12C)[C@@]1(C)CC[C@H](O)CC1=CC3=O
